Index;Max. R-Score;Epoch of max R-Score
1.0;-57.8579709303;140.0
2.0;-84.27877719593032;65.0
3.0;-107.52070502582163;129.0
4.0;-104.71890888828148;130.0
5.0;-103.55403593748257;4.0
6.0;-110.22665774716876;44.0
7.0;-67.81806079270108;1.0
8.0;-83.21390365101293;1.0
9.0;-69.01141970460206;1.0
10.0;-96.79592720115947;2.0
11.0;-93.9955466006996;2.0
12.0;-99.50640462808352;62.0
13.0;-93.76110099205576;2.0
14.0;-92.72315212452874;67.0
15.0;-97.06282804083577;132.0
16.0;-77.54002664270612;28.0
17.0;-97.4478139033395;77.0
18.0;-87.9856236886991;43.0
19.0;-98.56192153119552;3.0
20.0;-96.78006534198812;52.0
21.0;-102.12493012591457;59.0
22.0;-94.77751851448296;2.0
23.0;-97.3509368749821;2.0
24.0;-99.40339216292948;63.0
25.0;-92.75835495318145;53.0
26.0;-91.78035520779684;84.0
27.0;-96.8670996728255;22.0
28.0;0.1949424528316972;123.0
29.0;0.19187959329393356;28.0
30.0;0.19701205270347;39.0
31.0;0.1809662077985259;1.0
32.0;0.17893339089252402;51.0
33.0;0.18588148365404666;70.0
34.0;0.19039177586854084;10.0
35.0;0.1866959440772653;10.0
36.0;0.19693708096285023;6.0
37.0;0.18168292136504993;148.0
38.0;0.1788969388681524;7.0
39.0;0.1885221999389215;34.0
40.0;0.18386587060212534;143.0
41.0;0.1818063255875909;7.0
42.0;0.18913545700484657;31.0
43.0;-0.1728565002144915;150.0
44.0;0.12695985589317016;150.0
45.0;0.1388265476241315;126.0
46.0;0.14080098043431544;148.0
47.0;0.14435702161093256;150.0
48.0;0.14432759805492867;1.0
49.0;0.14236064677272697;19.0
50.0;0.14448377849914884;30.0
51.0;0.14065037463679864;1.0
52.0;0.1331824306363072;35.0
53.0;0.1360479040654119;140.0
54.0;0.1359204382383682;1.0
55.0;0.22627011445865142;14.0
56.0;0.10877860690047458;17.0
57.0;0.041295734719885346;14.0
58.0;-0.10742958581276096;1.0
59.0;-0.1458243164285593;1.0
60.0;-0.16407900101997974;3.0
61.0;-0.18350254921010745;2.0
62.0;-0.28968851221128133;3.0
63.0;-0.3467045494581362;8.0
64.0;-0.38245059325120323;1.0
65.0;-0.4335655586028111;2.0
66.0;-0.4640311613694983;52.0
67.0;-0.4716369571586905;3.0
68.0;-0.514105097502261;2.0
69.0;-0.5410489193733092;84.0
70.0;-0.5302288351434981;62.0
71.0;-0.5392320142532909;15.0
72.0;-0.4400143896603981;149.0
73.0;-0.4360487966925366;4.0
74.0;-0.4696829962711577;3.0
75.0;-0.4978706364097083;53.0
76.0;-0.49978116003973505;1.0
77.0;-0.5518675440028544;2.0
78.0;-0.5745718764974239;38.0
79.0;-0.5812065235406048;6.0
80.0;-0.6113308668523714;6.0
81.0;-0.6205601423647611;18.0
82.0;0.2009714890177896;23.0
83.0;0.08049596256288061;15.0
84.0;-0.09161061881779653;15.0
85.0;-0.20029944455713533;2.0
86.0;-0.25056712629289857;3.0
87.0;-0.2779721551863581;1.0
88.0;-0.30823597687539905;2.0
89.0;-0.46887992132155687;10.0
90.0;-0.534468321101454;10.0
91.0;-0.5628668303199929;1.0
92.0;-0.6332407185456319;1.0
93.0;-0.6696286209507047;4.0
94.0;-0.6837755087834465;5.0
95.0;-0.7369608524797251;5.0
96.0;-0.7558825206883855;8.0
97.0;-0.7668019462617544;24.0
98.0;-0.7839679253677663;20.0
99.0;-0.7662615961460566;124.0
100.0;-0.7687825427557702;2.0
101.0;-0.798505412472226;5.0
102.0;-0.8078428556732069;35.0
103.0;-0.8114936802679555;5.0
104.0;-0.8593362625041816;4.0
105.0;-0.8698302565413427;5.0
106.0;-0.878396367321048;2.0
107.0;-0.8990190896474581;47.0
108.0;-0.9011684536090323;12.0
109.0;0.2925334937740708;143.0
110.0;0.2939960135749534;139.0
111.0;0.3011996520657574;109.0
112.0;0.30424994334772326;43.0
113.0;0.30462260167556454;99.0
114.0;0.3033244365674732;45.0
115.0;0.30337126560243677;130.0
116.0;0.3023328084217751;150.0
117.0;0.304808792659122;92.0
118.0;0.3039497883259693;92.0
119.0;0.3043502195564879;46.0
120.0;0.3037200500871068;46.0
121.0;0.3028634731639058;46.0
122.0;0.3032253662796598;46.0
123.0;0.30296806263980025;92.0
124.0;0.3020007696316801;111.0
125.0;0.30267002344476146;101.0
126.0;0.024978441105235616;150.0
127.0;0.30327162826173903;150.0
128.0;0.30639902746061576;78.0
129.0;0.3064313135044865;95.0
130.0;0.30568401405795786;63.0
131.0;0.30488909400233044;100.0
132.0;0.3051294392711532;101.0
133.0;0.3039433678320804;40.0
134.0;0.3041628949929719;14.0
135.0;0.30247705195652064;100.0
136.0;0.2871796748316364;148.0
137.0;0.28059091550939075;144.0
138.0;0.289306790273374;134.0
139.0;0.29928960791746073;36.0
140.0;0.29988654020263983;36.0
141.0;0.2996727901963939;3.0
142.0;0.2958482963777338;61.0
143.0;0.29720534551577826;103.0
144.0;0.2981094122927773;61.0
145.0;0.3008577947545089;9.0
146.0;0.29897365118607977;16.0
147.0;0.2991139462429232;9.0
148.0;0.2988543656193259;8.0
149.0;0.29902517922468896;24.0
150.0;0.29869020995665585;16.0
151.0;0.2533255113730466;150.0
152.0;0.30011726877284006;84.0
153.0;-25.80890881742552;150.0
154.0;-6.289820891273618;150.0
155.0;-1.5603741229256802;150.0
156.0;-0.08536707222269047;150.0
157.0;0.2749142151251527;150.0
158.0;0.29137152159704216;112.0
159.0;0.2977341096061761;112.0
160.0;0.2964702887865527;99.0
161.0;0.29714523352576516;7.0
162.0;0.2960534186008479;112.0
163.0;0.2907463083702104;144.0
164.0;0.26247960100894174;125.0
165.0;0.2860807279027425;138.0
166.0;0.30189231461113575;112.0
167.0;0.3014498285492706;112.0
168.0;0.30130761779382553;140.0
169.0;0.29535277543318117;149.0
170.0;0.2928518622975316;140.0
171.0;0.29616369087150607;141.0
172.0;0.29706536382585225;91.0
173.0;0.29528402434678347;139.0
174.0;0.29642635039436005;141.0
175.0;0.2962483672247176;91.0
176.0;0.29430392883928225;149.0
177.0;0.2952949285005593;14.0
178.0;-7.52766445213458;150.0
179.0;-0.7665059278560715;149.0
180.0;-1.643573592418246e8;150.0
181.0;-1.5775197332496095e8;150.0
182.0;-1.514233560772688e8;150.0
183.0;-1.4517849787057945e8;150.0
184.0;-1.3172792874110505e8;150.0
185.0;-1.2032036041550648e8;150.0
186.0;-1.0997150466925235e8;150.0
187.0;-1.0052901117103218e8;150.0
188.0;-9.191352937544413e7;150.0
189.0;-8.366540465179944e7;150.0
190.0;0.2881898569482463;141.0
191.0;0.23207460686656767;125.0
192.0;0.28479142882245956;89.0
193.0;0.2979490493354756;93.0
194.0;0.2972679276475444;129.0
195.0;0.29713745537786573;93.0
196.0;0.2915599730426013;150.0
197.0;0.2899116191034339;150.0
198.0;0.29142855136787116;111.0
199.0;0.29410008838785096;36.0
200.0;0.2922729881553632;150.0
201.0;0.29301030974228415;111.0
202.0;0.29192029264565167;53.0
203.0;0.2909984928436705;150.0
204.0;0.29310913059849175;36.0
205.0;-121.27694919762976;150.0
206.0;-43.6505134472749;149.0
207.0;-5.3360354992946075e10;150.0
208.0;-5.2827681954414894e10;150.0
209.0;-5.227759939620236e10;150.0
210.0;-5.170249928013242e10;150.0
211.0;-4.883861620011861e10;150.0
212.0;-4.5654433235193504e10;150.0
213.0;-4.266875157383618e10;150.0
214.0;-4.027216474339516e10;150.0
215.0;-3.822032150582766e10;150.0
216.0;-3.6253753041288895e10;150.0
217.0;0.2885035810070944;141.0
218.0;0.19564643316262165;135.0
219.0;0.2781833707720962;70.0
220.0;0.29255380875188974;102.0
221.0;0.29345056462397856;36.0
222.0;0.2934414832268111;18.0
223.0;0.2887621977620626;56.0
224.0;0.284029146365785;121.0
225.0;0.2856719945226116;91.0
226.0;0.29070108111925275;48.0
227.0;0.285275518373614;80.0
228.0;0.288037463694516;7.0
229.0;0.28787998404193493;70.0
230.0;0.28320566236910893;45.0
231.0;0.2881011566256736;45.0
232.0;-517.1626842481713;150.0
233.0;-174.56419179627255;149.0
234.0;-3.3807258655953345e12;150.0
235.0;-3.357636889136946e12;150.0
236.0;-3.3342682401223813e12;150.0
237.0;-3.310400962981239e12;150.0
238.0;-3.192850744638522e12;150.0
239.0;-3.066704075017873e12;150.0
240.0;-2.9362226597249077e12;150.0
241.0;-2.8105232139093804e12;150.0
242.0;-2.6921016760153535e12;150.0
243.0;-2.575335065246979e12;150.0
244.0;0.15391330230648193;28.0
245.0;0.15268664575907964;5.0
246.0;0.13602618532441169;13.0
247.0;0.07465107768781687;1.0
248.0;0.060258072525868234;4.0
249.0;0.05838307293731937;64.0
250.0;0.057930772604228076;7.0
251.0;0.026106277918306775;5.0
252.0;0.008239079177102981;18.0
253.0;-0.014726612373685333;3.0
254.0;-0.057211498543785266;29.0
255.0;-0.05706462035481441;7.0
256.0;-0.06510960080787997;10.0
257.0;-0.08787164298964845;29.0
258.0;-0.08331997425065119;11.0
259.0;-0.984745044683285;150.0
260.0;-0.13600729570581604;150.0
261.0;0.09309557222200371;148.0
262.0;0.09487773687814627;38.0
263.0;0.0896309317147912;1.0
264.0;0.08026214932895082;1.0
265.0;0.06679758046891648;13.0
266.0;0.055118968625065934;46.0
267.0;0.04568012018182488;1.0
268.0;0.01344124063338048;1.0
269.0;-0.004290990341334178;39.0
270.0;-0.017405399663648957;3.0
271.0;0.18936864918053287;11.0
272.0;0.0771293898262645;7.0
273.0;-0.042964247316170434;14.0
274.0;-0.25900332070815857;1.0
275.0;-0.31595513981834156;4.0
276.0;-0.3433914668827358;1.0
277.0;-0.3594603771222189;4.0
278.0;-0.5378871388242508;3.0
279.0;-0.6079289778271526;14.0
280.0;-0.6472599803952948;1.0
281.0;-0.7501109368261463;4.0
282.0;-0.7739262308035677;17.0
283.0;-0.7910451127101814;1.0
284.0;-0.8476299223457706;8.0
285.0;-0.8535603247648889;18.0
286.0;-0.861251598461136;5.0
287.0;-0.8746745912451648;14.0
288.0;-0.7203670066795309;110.0
289.0;-0.7352101685315047;1.0
290.0;-0.8232050792139212;1.0
291.0;-0.8370655100073556;22.0
292.0;-0.8465074367085792;1.0
293.0;-0.910773754207399;33.0
294.0;-0.913907533514619;21.0
295.0;-0.9190686433369051;2.0
296.0;-0.9423888913900713;100.0
297.0;-0.943586422263138;127.0
298.0;0.17264976343659344;15.0
299.0;0.06386204536285589;12.0
300.0;-0.02426734880912984;14.0
301.0;-0.20711577868033837;1.0
302.0;-0.27182661754906845;2.0
303.0;-0.3060050012558606;11.0
304.0;-0.3105587451932652;2.0
305.0;-0.4675850549597691;14.0
306.0;-0.5072493630632786;31.0
307.0;-0.5275313491898754;1.0
308.0;-0.6576432641074008;1.0
309.0;-0.7068312689843688;1.0
310.0;-0.724098920431034;3.0
311.0;-0.8001062135695207;13.0
312.0;-0.8198531101837407;1.0
313.0;-0.8000938316481547;13.0
314.0;-0.8297386926838772;13.0
315.0;-0.7831976473105811;99.0
316.0;-0.7895671717081929;2.0
317.0;-0.8444413725599811;2.0
318.0;-0.8619092135561592;1.0
319.0;-0.871680230441185;5.0
320.0;-0.9343110406184372;32.0
321.0;-0.9451415698037045;25.0
322.0;-0.949084448601416;22.0
323.0;-0.9719887426404592;117.0
324.0;-0.9675027985157023;140.0
325.0;0.12589870207508047;15.0
326.0;0.044322488737552734;15.0
327.0;-0.13218129576485937;13.0
328.0;-0.27104170867606747;2.0
329.0;-0.3539378217115221;7.0
330.0;-0.395902205604739;1.0
331.0;-0.4151612436514911;5.0
332.0;-0.6003135946918499;12.0
333.0;-0.6417854558219358;13.0
334.0;-0.6692831193912196;2.0
335.0;-0.7932433638230061;2.0
336.0;-0.8324058791676223;1.0
337.0;-0.8454502721244168;4.0
338.0;-0.9099536939606316;1.0
339.0;-0.9224128738635478;23.0
340.0;-0.9270519980976553;20.0
341.0;-0.952871267137734;51.0
342.0;-0.9364118097395291;89.0
343.0;-0.9404729087097325;2.0
344.0;-0.97209014782458;1.0
345.0;-0.9814133798486002;7.0
346.0;-0.983176001261195;2.0
347.0;-1.0108931545217708;47.0
348.0;-1.0121243920519114;127.0
349.0;-1.0060923744352133;26.0
350.0;-0.9998333171123455;128.0
351.0;-0.9981521744399484;149.0
352.0;0.2264667735243716;119.0
353.0;0.23137248127751375;142.0
354.0;0.22383579187387503;144.0
355.0;0.21797411155841218;138.0
356.0;0.22947360284226082;89.0
357.0;0.2186738791290832;1.0
358.0;0.2310791915042455;124.0
359.0;0.24099155733724187;124.0
360.0;0.23716495325668008;53.0
361.0;0.23686721051853477;124.0
362.0;0.23895294266669576;87.0
363.0;0.23197487468410272;112.0
364.0;0.23086630683038922;12.0
365.0;0.2358596372722137;73.0
366.0;0.2306294239009924;150.0
367.0;0.22440908716810104;73.0
368.0;0.23350161698848904;88.0
369.0;0.22866052173544715;140.0
370.0;0.23057072772853449;73.0
371.0;0.23574427958507516;89.0
372.0;0.2281026184654823;63.0
373.0;0.23242926988270385;124.0
374.0;0.23388089652449806;124.0
375.0;0.22754678190873956;124.0
376.0;0.2272555256899753;59.0
377.0;0.23046211537243821;59.0
378.0;0.2238446279593711;89.0
379.0;0.20589922030296515;142.0
380.0;0.20693418632259963;144.0
381.0;0.21827020340274228;54.0
382.0;0.2074415727966311;17.0
383.0;0.21919628526653767;23.0
384.0;0.20605387802151565;23.0
385.0;0.22370363767716794;144.0
386.0;0.23152221334236944;144.0
387.0;0.22916054164501143;45.0
388.0;0.22456282518904291;95.0
389.0;0.23252944454394386;144.0
390.0;0.2178705622510394;144.0
391.0;0.2178775680156101;144.0
392.0;0.22236897318790305;144.0
393.0;0.21506911642185866;144.0
394.0;0.2010024675919171;145.0
395.0;0.21443307707005876;73.0
396.0;0.18744246116974916;150.0
397.0;0.21489944426050855;108.0
398.0;0.22394693331418225;108.0
399.0;0.2114667399103105;48.0
400.0;0.217898426462942;108.0
401.0;0.22588595378068266;144.0
402.0;0.21336945465657953;62.0
403.0;0.20645522595332333;17.0
404.0;0.2051455485632382;144.0
405.0;0.1984502246318891;33.0
406.0;0.20965222552755403;107.0
407.0;0.1948588448656905;142.0
408.0;0.20511020175718764;94.0
409.0;0.20793780613435076;29.0
410.0;0.21550028208523742;29.0
411.0;0.20406197688888628;6.0
412.0;0.22017038090341234;95.0
413.0;0.22017224903952637;109.0
414.0;0.22243006357288475;67.0
415.0;0.21783561355230785;95.0
416.0;0.22226434181487142;67.0
417.0;0.21324262868082133;20.0
418.0;0.2133945758406287;120.0
419.0;0.2148185394019072;65.0
420.0;0.2077962760524612;27.0
421.0;0.14496137901036954;149.0
422.0;0.2173713622386979;96.0
423.0;0.0828042510602155;149.0
424.0;0.2093938553471274;97.0
425.0;0.2240032084710406;97.0
426.0;0.21488820342257797;33.0
427.0;0.22140433359462952;52.0
428.0;0.22292538386802085;8.0
429.0;0.21949488815525664;8.0
430.0;0.20467317224484538;17.0
431.0;0.20212548151096577;116.0
432.0;0.19446756552551325;23.0
433.0;0.2043904835758923;98.0
434.0;0.1650271611628713;110.0
435.0;0.210450168816112;148.0
436.0;0.21382313842697354;98.0
437.0;0.22097708414158646;72.0
438.0;0.2125195934441675;8.0
439.0;0.2196980910708175;75.0
440.0;0.21836869779702384;98.0
441.0;0.21789833103984213;126.0
442.0;0.21965553941642835;45.0
443.0;0.21712726209126143;126.0
444.0;0.2090130016376004;71.0
445.0;0.21018720885438547;66.0
446.0;0.20542459234121813;45.0
447.0;0.2012210780911582;45.0
448.0;-4.620607040908639;150.0
449.0;-0.2890667083400684;150.0
450.0;-10830.633207343924;150.0
451.0;-5802.671336863331;150.0
452.0;-4726.6689029772615;150.0
453.0;-4015.181559655317;150.0
454.0;-1936.4445869570911;150.0
455.0;-1484.786203097918;142.0
456.0;-1242.696489859556;141.0
457.0;-1174.060426898785;71.0
458.0;-1115.4073989057877;71.0
459.0;-1024.275827507797;65.0
460.0;0.15750164345486817;20.0
461.0;0.12385654700689985;6.0
462.0;0.0019029081796262393;6.0
463.0;-0.19326104425603297;1.0
464.0;-0.25860371814189986;4.0
465.0;-0.2992518714049588;5.0
466.0;-0.31537330793179263;2.0
467.0;-0.48782596182722693;8.0
468.0;-0.5515394092886994;7.0
469.0;-0.5993571337825925;3.0
470.0;-0.7200755635607399;2.0
471.0;-0.7669361494711509;4.0
472.0;-0.7811743343446393;5.0
473.0;-0.8579669223837862;1.0
474.0;-0.8748406655808036;43.0
475.0;-0.7806028717412214;40.0
476.0;-0.8055822121319456;33.0
477.0;-0.6551959043579274;46.0
478.0;-0.6947228358315893;1.0
479.0;-0.7946992945709825;2.0
480.0;-0.8296329996368752;1.0
481.0;-0.8382976804469935;3.0
482.0;-0.9042691175624842;4.0
483.0;-0.9157900566967947;54.0
484.0;-0.9142990949365137;11.0
485.0;-0.9315090762124145;118.0
486.0;-0.9296535251474694;120.0
487.0;0.09237603054400967;9.0
488.0;0.06738366698374365;14.0
489.0;-0.05450222847348152;11.0
490.0;-0.18988717921441212;2.0
491.0;-0.2692314439404251;2.0
492.0;-0.3084989710420263;29.0
493.0;-0.2971114424926977;5.0
494.0;-0.3908561000699815;8.0
495.0;-0.4161359060087966;10.0
496.0;-0.4406640252003138;3.0
497.0;-0.5348528709666707;4.0
498.0;-0.5578887452006511;33.0
499.0;-0.5677537389428398;4.0
500.0;-0.6164284788615888;8.0
501.0;-0.6247858217406526;39.0
502.0;-0.6273252650480219;5.0
503.0;-0.6533513599568681;33.0
504.0;-0.6520764849659471;73.0
505.0;-0.6558495774587467;3.0
506.0;-0.68111835344867;3.0
507.0;-0.6917233798587206;4.0
508.0;-0.6918284368589736;4.0
509.0;-0.7112296244019269;56.0
510.0;-0.7098597162172358;131.0
511.0;-0.7030379705288052;17.0
512.0;-0.7009259167725699;142.0
513.0;-0.6971203283632077;85.0
514.0;0.14399453080162739;54.0
515.0;0.13747358943614918;142.0
516.0;0.1400116797334695;50.0
517.0;0.08948438582341511;49.0
518.0;0.11333256660768587;49.0
519.0;0.05817904482655423;51.0
520.0;0.13361030006893682;50.0
521.0;0.14960114290180293;138.0
522.0;0.13663311327894634;26.0
523.0;0.12207239214697685;149.0
524.0;0.13922105643215954;149.0
525.0;0.1150208560268805;131.0
526.0;0.10746053089088403;26.0
527.0;0.14331604970429845;101.0
528.0;0.1033747650845942;101.0
529.0;0.07534427939464927;149.0
530.0;0.12256940768778546;102.0
531.0;0.07406307331528639;150.0
532.0;0.08130421275287825;70.0
533.0;0.11813402077628854;70.0
534.0;0.06013443017318676;146.0
535.0;0.10113653490084495;149.0
536.0;0.1278042990921755;124.0
537.0;0.09951511300261806;120.0
538.0;0.09279801399743615;39.0
539.0;0.10318757744755269;78.0
540.0;0.06815866383696201;109.0
541.0;0.14619556282046064;118.0
542.0;0.1206804495909789;139.0
543.0;0.14358240617463391;54.0
544.0;0.08880248618112696;77.0
545.0;0.11510425660522394;54.0
546.0;0.06863589828076744;22.0
547.0;0.13599623516880777;105.0
548.0;0.14561443451547285;33.0
549.0;0.15802411988060572;105.0
550.0;0.14204186485073478;105.0
551.0;0.1468795840217525;105.0
552.0;0.119401344923733;105.0
553.0;0.13258055002369973;105.0
554.0;0.14329945197891325;105.0
555.0;0.12756698020327484;105.0
556.0;0.026731020720721754;149.0
557.0;0.1366062118109822;106.0
558.0;-0.1392105442825864;141.0
559.0;0.07569904324128418;149.0
560.0;0.125414347592387;150.0
561.0;0.08165881911017225;34.0
562.0;0.11959478790253075;105.0
563.0;0.12851451456929575;15.0
564.0;0.11828506493032753;44.0
565.0;0.10427358289142519;148.0
566.0;0.12109002221617005;54.0
567.0;0.09047990318104193;54.0
568.0;0.1612477663714702;39.0
569.0;0.10310250130037268;129.0
570.0;0.15481223354818485;31.0
571.0;0.11693218124734395;49.0
572.0;0.1316288145965706;52.0
573.0;0.08925770678655498;91.0
574.0;0.14725667302417855;74.0
575.0;0.1502594084894231;148.0
576.0;0.1639675940145715;74.0
577.0;0.13717094668821972;49.0
578.0;0.14837716795942513;52.0
579.0;0.12006699296729906;48.0
580.0;0.12753018826266715;63.0
581.0;0.14185850407488498;63.0
582.0;0.11693967210933898;149.0
583.0;-9.615764314751795;150.0
584.0;-3.3038472773262066;150.0
585.0;-2.7153752998136748e6;150.0
586.0;-1.712577510129827e6;150.0
587.0;-1.2415909149240179e6;150.0
588.0;-996495.2549666679;150.0
589.0;-421422.3622379924;150.0
590.0;-240674.01617358963;150.0
591.0;-153828.58189931032;150.0
592.0;-101976.30286936741;150.0
593.0;-81808.81008268661;149.0
594.0;-65305.43994452324;149.0
595.0;0.16918179999993066;119.0
596.0;0.0679279594839951;129.0
597.0;0.15770016161628864;48.0
598.0;0.1456526130954633;78.0
599.0;0.15614846257757686;125.0
600.0;0.12737208299014424;119.0
601.0;0.16011248212172513;142.0
602.0;0.17210399342883442;138.0
603.0;0.17113092130062557;119.0
604.0;0.1513491885384194;96.0
605.0;0.16188269065943361;148.0
606.0;0.15336395137679149;9.0
607.0;0.13846019561430956;148.0
608.0;0.14255772574266823;133.0
609.0;0.16063061619955188;148.0
610.0;-590.9521664088643;150.0
611.0;-168.34663043365612;144.0
612.0;-3.836508564231375e12;150.0
613.0;-3.651933401849875e12;150.0
614.0;-3.496740035514551e12;150.0
615.0;-3.3816521074361543e12;150.0
616.0;-2.7194108259513457e12;150.0
617.0;-2.2348934301385264e12;150.0
618.0;-1.7943421924239805e12;150.0
619.0;-1.5711331129906753e12;150.0
620.0;-1.3991550690080571e12;150.0
621.0;-1.2541496649632246e12;150.0
622.0;0.15999964445117498;119.0
623.0;0.17276999747414146;137.0
624.0;0.1625380965025004;109.0
625.0;0.1254645666490699;68.0
626.0;0.151059258944791;76.0
627.0;0.11589655722017744;1.0
628.0;0.1486026852378146;122.0
629.0;0.17724899868579713;134.0
630.0;0.16997881754718058;21.0
631.0;0.15650837780055005;149.0
632.0;0.17617698025570405;112.0
633.0;0.15452147701373453;11.0
634.0;0.15068265487016164;149.0
635.0;0.16942229262916975;120.0
636.0;0.14372102767795103;149.0
637.0;0.13409731460916352;93.0
638.0;0.15431683213882907;93.0
639.0;0.12557606332091753;146.0
640.0;0.12839438926328817;94.0
641.0;0.15205732586890963;70.0
642.0;0.12121106674738058;69.0
643.0;0.14351483841060386;134.0
644.0;0.1584722450274909;112.0
645.0;0.14545948733654235;11.0
646.0;0.13783243089136932;49.0
647.0;0.14924972328754826;49.0
648.0;0.12824404165329828;49.0
649.0;0.14703521742686565;110.0
650.0;0.15315168354477815;119.0
651.0;0.1327659805846051;100.0
652.0;0.0956665355081352;50.0
653.0;0.11960482964204888;50.0
654.0;0.08242898785817243;49.0
655.0;0.1499141411934588;6.0
656.0;0.15473538308294776;93.0
657.0;0.1415278721815345;110.0
658.0;0.1375697775443453;110.0
659.0;0.14966905849557255;132.0
660.0;0.12721366489005814;80.0
661.0;0.13609690173830324;7.0
662.0;0.14887607575108674;7.0
663.0;0.12853328571977207;110.0
664.0;0.08989260720912406;144.0
665.0;0.1334224680444066;102.0
666.0;0.08431821314144528;145.0
667.0;0.10108774116480246;7.0
668.0;0.12040448389929481;50.0
669.0;0.08061991226645904;51.0
670.0;0.10760660288848689;133.0
671.0;0.14019811904893964;110.0
672.0;0.11649749731809256;90.0
673.0;0.1167022726778042;89.0
674.0;0.11933994085317001;53.0
675.0;0.08620813112075998;49.0
676.0;0.16476936873355463;39.0
677.0;0.1315542131013534;100.0
678.0;0.13002833868284625;49.0
679.0;0.10282535304541651;27.0
680.0;0.1220013353584588;138.0
681.0;0.07172798798692437;59.0
682.0;0.13876752582184215;126.0
683.0;0.15613785007772796;67.0
684.0;0.17208801191027923;149.0
685.0;0.12882747952915763;40.0
686.0;0.14473619122829184;143.0
687.0;0.131547877038649;149.0
688.0;0.12897833857536278;149.0
689.0;0.14042516555943707;149.0
690.0;0.12146607935178788;38.0
691.0;0.019755806332222514;150.0
692.0;0.13712739609918312;102.0
693.0;0.034023494178073266;150.0
694.0;0.08194777136481934;92.0
695.0;0.12539640645526118;93.0
696.0;0.06610024849059581;93.0
697.0;0.13055714563302323;149.0
698.0;0.13716149935748423;149.0
699.0;0.12342275023176164;149.0
700.0;0.11198508147279629;77.0
701.0;0.11048320266484579;78.0
702.0;0.10420245182286969;89.0
703.0;0.17342425796964211;57.0
704.0;0.11018544754737458;131.0
705.0;0.158465516721354;119.0
706.0;0.12460163467647101;49.0
707.0;0.13473200671804286;39.0
708.0;0.09746850503389493;49.0
709.0;0.14983933036258612;32.0
710.0;0.16329213249761065;120.0
711.0;0.1626454768695612;122.0
712.0;0.13748906725222065;78.0
713.0;0.15403503910478078;78.0
714.0;0.14229594713940352;70.0
715.0;0.14123368312231;70.0
716.0;0.13417553185313857;70.0
717.0;0.13122658262894726;10.0
718.0;-10.95740496203384;150.0
719.0;-2.5870020013689246;149.0
720.0;-8.048701894420414e7;150.0
721.0;-6.853748865442857e7;150.0
722.0;-5.828709957545644e7;150.0
723.0;-5.0984611007679366e7;150.0
724.0;-2.4582997593782183e7;150.0
725.0;-1.4547592315540612e7;150.0
726.0;-1.0479008078927152e7;150.0
727.0;-8.856404441113425e6;150.0
728.0;-7.846044565029444e6;150.0
729.0;-7.213325866577399e6;150.0
730.0;-32.47338672465658;129.0
731.0;-69.82751989811155;35.0
732.0;-114.14696300349281;145.0
733.0;-105.51192133560517;130.0
734.0;-102.2469507587572;23.0
735.0;-103.0209292392644;63.0
736.0;-56.961376069071434;1.0
737.0;-72.61972492157906;1.0
738.0;-66.69936993184636;1.0
739.0;-91.07962132908852;2.0
740.0;-91.36897141645721;40.0
741.0;-92.99057642609532;52.0
742.0;-87.73284568433138;2.0
743.0;-88.7401262052597;2.0
744.0;-91.07285413025626;67.0
745.0;-81.42224958257327;32.0
746.0;-93.1136067683245;59.0
747.0;-85.35843030892256;50.0
748.0;-94.69155412508104;3.0
749.0;-92.44778454804434;34.0
750.0;-99.52318590574691;123.0
751.0;-91.27815401637113;2.0
752.0;-92.53423026964968;29.0
753.0;-95.21087088566709;2.0
754.0;-90.3402845560106;53.0
755.0;-88.18387598688244;18.0
756.0;-96.26289918671183;68.0
757.0;0.20155673346953018;135.0
758.0;0.1969114839054853;54.0
759.0;0.20288789523084994;11.0
760.0;0.19174004831809133;1.0
761.0;0.18781182625391324;1.0
762.0;0.19327729890922762;39.0
763.0;0.19089890835962664;55.0
764.0;0.18827482951127938;7.0
765.0;0.19375532642141768;7.0
766.0;0.18701905369758054;150.0
767.0;0.18363689183370469;2.0
768.0;0.18973371510707304;10.0
769.0;0.1865992957420195;150.0
770.0;0.18338552821778065;2.0
771.0;0.18960243543115052;16.0
772.0;-52.758225094874824;150.0
773.0;-19592.804642853323;150.0
774.0;-3.18199917514555e141;1.0
775.0;-3.18199917514555e141;1.0
776.0;-3.18199917514555e141;1.0
777.0;-3.18199917514555e141;1.0
778.0;-3.18199917514555e141;1.0
779.0;-3.18199917514555e141;1.0
780.0;-3.18199917514555e141;1.0
781.0;-3.18199917514555e141;1.0
782.0;-3.18199917514555e141;1.0
783.0;-3.18199917514555e141;1.0
784.0;-73.87806784832642;150.0
785.0;-9.889578593091056;20.0
786.0;-87.46132449421114;29.0
787.0;-103.51672986426037;27.0
788.0;-92.92590480535411;136.0
789.0;-94.24735374387335;6.0
790.0;-66.99422311260821;146.0
791.0;-47.06269989012133;144.0
792.0;-32.34642758709234;138.0
793.0;-23.186093239301552;66.0
794.0;-27.93042976198354;1.0
795.0;-24.671974080627997;64.0
796.0;-35.27192991102332;92.0
797.0;-51.12520120384883;1.0
798.0;-44.72697880845857;65.0
799.0;-1.356672218566881e36;150.0
800.0;-2.092774100075401e36;3.0
801.0;NaN;1.0
802.0;NaN;1.0
803.0;NaN;1.0
804.0;NaN;1.0
805.0;NaN;1.0
806.0;NaN;1.0
807.0;NaN;1.0
808.0;NaN;1.0
809.0;NaN;1.0
810.0;NaN;1.0
811.0;-207.24893570777235;148.0
812.0;-16.080771118504412;47.0
813.0;-73.04813150983364;149.0
814.0;-43.22487072842858;101.0
815.0;-42.73237577883139;37.0
816.0;-46.557891961345646;1.0
817.0;-36.59663768687742;17.0
818.0;-48.5607734330697;3.0
819.0;-121.14144889439142;64.0
820.0;-113.32155982225224;64.0
821.0;-129.21692023914096;53.0
822.0;-103.68020888699404;40.0
823.0;-163.81902776078974;144.0
824.0;-143.97547820066148;94.0
825.0;-87.57639092247459;70.0
826.0;-1.0704462247694894e34;150.0
827.0;-5.562163751747448e34;150.0
828.0;NaN;1.0
829.0;NaN;1.0
830.0;NaN;1.0
831.0;NaN;1.0
832.0;NaN;1.0
833.0;NaN;1.0
834.0;NaN;1.0
835.0;NaN;1.0
836.0;NaN;1.0
837.0;NaN;1.0
838.0;-356.1403188000833;125.0
839.0;-1.258140854931916;91.0
840.0;-176.15123976628013;133.0
841.0;-183.48511305149677;136.0
842.0;-21.870889484501156;147.0
843.0;-6.613858759902788;122.0
844.0;-5.138273236817648;150.0
845.0;-1.267179457547598;126.0
846.0;-4.002797053379301;99.0
847.0;-2.764440238766077;2.0
848.0;-3.6407890575276003;140.0
849.0;-4.37345461995886;15.0
850.0;-5.716613573935783;2.0
851.0;-5.040790729263427;138.0
852.0;-5.553303645184854;3.0
853.0;-10.563973663735284;132.0
854.0;-8.77668283204109;150.0
855.0;-475.3704247577471;147.0
856.0;-100.04387274389082;147.0
857.0;-12.330643375087444;142.0
858.0;-9.250553780850067;13.0
859.0;-7.540924169559299;108.0
860.0;-6.0155434016333444;150.0
861.0;-5.1242734733251165;16.0
862.0;-6.431980391234267;10.0
863.0;-6.709128472220846;150.0
864.0;-5.393775669185853;2.0
865.0;-1317.6010192079734;108.0
866.0;-1.9204630044790685;105.0
867.0;-642.2981194754827;100.0
868.0;-276.1994642956061;147.0
869.0;-84.9384199923475;146.0
870.0;-66.90222970680252;143.0
871.0;-5.499765551217189;110.0
872.0;-3.1830610072337544;103.0
873.0;-8.863902810716569;81.0
874.0;-9.526796983849335;121.0
875.0;-8.398196581784648;23.0
876.0;-11.864854173601545;44.0
877.0;-11.186843269828206;143.0
878.0;-6.652726894693586;141.0
879.0;-10.546596180461714;142.0
880.0;-7.491969118853769;54.0
881.0;-10.075193969913418;142.0
882.0;-53195.98347627088;149.0
883.0;-37341.55034190283;7.0
884.0;-26927.865853288877;139.0
885.0;-5413.709491771122;124.0
886.0;-247.2642627454314;140.0
887.0;-101.43844314989873;141.0
888.0;-22.038059830519423;145.0
889.0;-15.942386440251841;135.0
890.0;-8.613936331624103;110.0
891.0;-6.568351898829803;60.0
892.0;-1414.2099520192298;148.0
893.0;-4.012064735632003;149.0
894.0;-3892.7420277166807;92.0
895.0;-9622.60786903871;147.0
896.0;-222.37725259624696;128.0
897.0;-115.61684587340889;136.0
898.0;-178.83761123375936;113.0
899.0;-12.391572810684304;135.0
900.0;-25.493728965479665;147.0
901.0;-5.563651777586906;113.0
902.0;-5.223226964636775;21.0
903.0;-5.431205516230702;63.0
904.0;-5.442546592170739;63.0
905.0;-7.614111629713836;15.0
906.0;-10.254277884165063;2.0
907.0;-5.244663468693987;74.0
908.0;-10.013986454067876;85.0
909.0;-5.291839920890057e12;135.0
910.0;-5.288412200630336e12;135.0
911.0;-5.001589684506735e12;150.0
912.0;-4.980068724995397e12;135.0
913.0;-4.811827621071947e12;135.0
914.0;-3.502068015345588e12;150.0
915.0;-3.4125023308001587e12;135.0
916.0;-3.398995493944003e12;12.0
917.0;-2.2444875250978174e12;150.0
918.0;-2.2250813573130923e12;12.0
919.0;-7015.9655740302715;140.0
920.0;-15.798603907322256;142.0
921.0;-5375.972547821914;130.0
922.0;-1820.947247225844;136.0
923.0;-490.73032969848197;134.0
924.0;-323.04050786657484;134.0
925.0;-202.95803829673585;145.0
926.0;-17.974711140693294;107.0
927.0;-14.478196878631756;145.0
928.0;-7.880213861555083;118.0
929.0;-9.00902709830151;146.0
930.0;-6.71965608176871;109.0
931.0;-6.7151442003546125;58.0
932.0;-8.906490306873446;92.0
933.0;-11.3691464935085;72.0
934.0;-40.60518614268568;149.0
935.0;-33.897528140258316;133.0
936.0;-2.9884208267594784e17;150.0
937.0;-2.986924364231531e17;150.0
938.0;-2.97759747993637e17;150.0
939.0;-2.976116511006202e17;150.0
940.0;-2.9645006487408595e17;150.0
941.0;-2.918098403287097e17;150.0
942.0;-2.906206452033999e17;150.0
943.0;-2.889396962496005e17;150.0
944.0;-2.8372590376223926e17;150.0
945.0;-2.8209606615863837e17;150.0
946.0;-10320.274287268843;114.0
947.0;-18.741113275881062;138.0
948.0;-4743.306638440724;147.0
949.0;-1508.7495129967092;129.0
950.0;-513.5625755497763;148.0
951.0;-359.8070975030025;127.0
952.0;-211.22397977062803;129.0
953.0;-39.1943554516831;115.0
954.0;-79.92887082256156;120.0
955.0;-10.129212938410024;23.0
956.0;-8.339149078529086;119.0
957.0;-8.184953456337984;101.0
958.0;-5.892965615458847;102.0
959.0;-9.842991444131863;125.0
960.0;-8.881455642244871;116.0
961.0;-79483.80398948312;144.0
962.0;-1.5962662165212559e7;143.0
963.0;-Inf;1.0
964.0;-Inf;1.0
965.0;-Inf;1.0
966.0;-Inf;1.0
967.0;-Inf;1.0
968.0;-Inf;1.0
969.0;-Inf;1.0
970.0;-Inf;1.0
971.0;-Inf;1.0
972.0;-Inf;1.0
973.0;0.18075493793575714;58.0
974.0;0.1816403248439611;9.0
975.0;0.19006288403245108;11.0
976.0;0.1321886025385035;3.0
977.0;0.11572644431865964;7.0
978.0;0.11798730665404755;133.0
979.0;0.11909751575108929;7.0
980.0;0.09595689353310421;28.0
981.0;0.10712606608078601;6.0
982.0;0.06709351542026831;30.0
983.0;0.07304010515813086;108.0
984.0;0.08085169834673589;4.0
985.0;0.059900685215408256;2.0
986.0;0.07057966505831215;99.0
987.0;0.07829410592878483;38.0
988.0;-3.892252717393062e6;150.0
989.0;-1.4920599706481222e7;150.0
990.0;-1.4225758331459559e13;150.0
991.0;-1.4225745450974594e13;150.0
992.0;-1.422573257050128e13;150.0
993.0;-1.4225719690039475e13;150.0
994.0;-1.4225706533997564e13;150.0
995.0;-1.422569337796529e13;150.0
996.0;-1.4225680221947541e13;150.0
997.0;-1.4225667054912883e13;150.0
998.0;-1.4225653887890201e13;150.0
999.0;-1.4225640720879742e13;150.0
1000.0;0.2220677604250446;43.0
1001.0;0.23291401765480568;14.0
1002.0;0.14426426485994925;17.0
1003.0;-37.929843289912135;1.0
1004.0;-36.936096912555634;150.0
1005.0;-44.06496081613928;1.0
1006.0;-1.2403954683481189;1.0
1007.0;-0.65972553062561;2.0
1008.0;-0.9183181744599682;4.0
1009.0;-15.199714901776229;105.0
1010.0;-18.660101865584853;85.0
1011.0;-13.461399707094666;150.0
1012.0;-8.692985722233631;39.0
1013.0;-17.483977555392556;1.0
1014.0;-1.128591451453794;22.0
1015.0;-3.680951362211723e19;150.0
1016.0;-2.2558297447301106e47;150.0
1017.0;NaN;1.0
1018.0;NaN;1.0
1019.0;NaN;1.0
1020.0;NaN;1.0
1021.0;NaN;1.0
1022.0;NaN;1.0
1023.0;NaN;1.0
1024.0;NaN;1.0
1025.0;NaN;1.0
1026.0;NaN;1.0
1027.0;0.21619157805318634;134.0
1028.0;0.16399030202818665;50.0
1029.0;0.021389651731924864;93.0
1030.0;-0.6087638506589079;34.0
1031.0;-2.2371693765941676;4.0
1032.0;-6.849297068462961;2.0
1033.0;-0.2587391052503092;14.0
1034.0;-0.4401127209450464;6.0
1035.0;-0.5581615736138386;4.0
1036.0;-0.8988990495995675;2.0
1037.0;-4.497555643494914;26.0
1038.0;-4.300555467445973;43.0
1039.0;-1.2086384469750273;112.0
1040.0;-1.3254032719795452;2.0
1041.0;-1.2473013918797276;4.0
1042.0;-1.3599042387762496e45;150.0
1043.0;-6.10639874036808e157;1.0
1044.0;NaN;1.0
1045.0;NaN;1.0
1046.0;NaN;1.0
1047.0;NaN;1.0
1048.0;NaN;1.0
1049.0;NaN;1.0
1050.0;NaN;1.0
1051.0;NaN;1.0
1052.0;NaN;1.0
1053.0;NaN;1.0
1054.0;0.08550989562292788;149.0
1055.0;0.12191854039797367;52.0
1056.0;-0.007008854660135011;63.0
1057.0;-0.13204703470213075;1.0
1058.0;-0.4000799230414471;3.0
1059.0;-0.43438562862717234;1.0
1060.0;-0.4654681524461879;7.0
1061.0;-0.9544447848198581;4.0
1062.0;-1.2683860326050027;4.0
1063.0;-2.1849102184995335;131.0
1064.0;-2.6206655814297304;3.0
1065.0;-2.342454246855693;69.0
1066.0;-1.918014625579235;148.0
1067.0;-2.065511933447915;87.0
1068.0;-1.9501993568160887;116.0
1069.0;-4.0582496535377943e65;150.0
1070.0;-4.1924664528232993e254;1.0
1071.0;NaN;1.0
1072.0;NaN;1.0
1073.0;NaN;1.0
1074.0;NaN;1.0
1075.0;NaN;1.0
1076.0;NaN;1.0
1077.0;NaN;1.0
1078.0;NaN;1.0
1079.0;NaN;1.0
1080.0;NaN;1.0
1081.0;0.0012999293414489577;150.0
1082.0;-0.0017148244548006453;150.0
1083.0;0.0026126372766228645;132.0
1084.0;0.001857441602188592;133.0
1085.0;0.0005356173099601014;63.0
1086.0;0.0016075263704385945;133.0
1087.0;0.0025548731663083135;120.0
1088.0;0.0006685864163499255;104.0
1089.0;0.002762060988587667;133.0
1090.0;0.004299582778679589;149.0
1091.0;0.04924615216101946;141.0
1092.0;0.0737652948480928;84.0
1093.0;0.0858928078222484;123.0
1094.0;0.09915984639555087;141.0
1095.0;0.11907736545385428;138.0
1096.0;-3.795422535435751e301;1.0
1097.0;NaN;1.0
1098.0;NaN;1.0
1099.0;NaN;1.0
1100.0;NaN;1.0
1101.0;NaN;1.0
1102.0;NaN;1.0
1103.0;NaN;1.0
1104.0;NaN;1.0
1105.0;NaN;1.0
1106.0;NaN;1.0
1107.0;NaN;1.0
1108.0;-0.002108680005192376;138.0
1109.0;-0.02061290121447823;148.0
1110.0;-0.0001177644774552622;81.0
1111.0;0.0025128033607755285;119.0
1112.0;0.0006254573302132416;51.0
1113.0;0.002588197734844422;132.0
1114.0;0.003127699570636744;75.0
1115.0;-0.0006153159082242787;117.0
1116.0;0.0018777802073065564;56.0
1117.0;0.0028410857126762723;119.0
1118.0;0.0008531705261013434;25.0
1119.0;0.002741675512364483;4.0
1120.0;0.0023688458427950643;17.0
1121.0;0.00030605492925961375;92.0
1122.0;0.0025570156101580865;110.0
1123.0;-1.7389320290330704e68;150.0
1124.0;-Inf;1.0
1125.0;NaN;1.0
1126.0;NaN;1.0
1127.0;NaN;1.0
1128.0;NaN;1.0
1129.0;NaN;1.0
1130.0;NaN;1.0
1131.0;NaN;1.0
1132.0;NaN;1.0
1133.0;NaN;1.0
1134.0;NaN;1.0
1135.0;-0.009233881092816976;150.0
1136.0;-0.0926336689345113;147.0
1137.0;-0.0023149585850368304;150.0
1138.0;0.003209515520456563;132.0
1139.0;0.0008284419130309972;87.0
1140.0;0.0029088918109358985;132.0
1141.0;0.003114169838192793;104.0
1142.0;-0.0011569264670892032;145.0
1143.0;0.0015260287937500783;86.0
1144.0;0.002845734971781755;132.0
1145.0;0.00114106795175406;119.0
1146.0;0.0019516755794209972;86.0
1147.0;0.002383239533904291;69.0
1148.0;-0.0015066261932719094;69.0
1149.0;0.001633946203634995;149.0
1150.0;-2.800966270322833e111;1.0
1151.0;NaN;1.0
1152.0;NaN;1.0
1153.0;NaN;1.0
1154.0;NaN;1.0
1155.0;NaN;1.0
1156.0;NaN;1.0
1157.0;NaN;1.0
1158.0;NaN;1.0
1159.0;NaN;1.0
1160.0;NaN;1.0
1161.0;NaN;1.0
1162.0;-0.18030918028722565;150.0
1163.0;-0.1600758839121046;139.0
1164.0;-0.0012507464976050375;125.0
1165.0;0.0027972031319433155;132.0
1166.0;0.0006369599241287105;132.0
1167.0;0.0026447038668936385;56.0
1168.0;0.0022287168034160754;90.0
1169.0;-0.005177934249580574;136.0
1170.0;-0.003657657570422579;118.0
1171.0;0.002444553774017977;56.0
1172.0;0.0006032481841576898;56.0
1173.0;0.0029857175864518304;116.0
1174.0;0.0022135394128525165;56.0
1175.0;-0.0010327318309015787;42.0
1176.0;0.00013896446380134986;132.0
1177.0;-3.702565838161217e73;1.0
1178.0;NaN;1.0
1179.0;NaN;1.0
1180.0;NaN;1.0
1181.0;NaN;1.0
1182.0;NaN;1.0
1183.0;NaN;1.0
1184.0;NaN;1.0
1185.0;NaN;1.0
1186.0;NaN;1.0
1187.0;NaN;1.0
1188.0;NaN;1.0
1189.0;0.1212509515574185;109.0
1190.0;0.1737519631229788;25.0
1191.0;-0.25251788584232027;49.0
1192.0;-13.470452123351158;6.0
1193.0;-26.61925660823119;4.0
1194.0;-41.999596273235234;1.0
1195.0;-0.2077922683978526;7.0
1196.0;-4.236132263967461;3.0
1197.0;-2.288098791770775;5.0
1198.0;-29.951773286538884;120.0
1199.0;-32.62804631837001;3.0
1200.0;-33.047973797447135;85.0
1201.0;-33.20397460913828;39.0
1202.0;-32.99626044844117;150.0
1203.0;-29.33769574126768;65.0
1204.0;-3.4195904936208556e102;150.0
1205.0;NaN;1.0
1206.0;NaN;1.0
1207.0;NaN;1.0
1208.0;NaN;1.0
1209.0;NaN;1.0
1210.0;NaN;1.0
1211.0;NaN;1.0
1212.0;NaN;1.0
1213.0;NaN;1.0
1214.0;NaN;1.0
1215.0;NaN;1.0
1216.0;-96.01203957059916;75.0
1217.0;0.06791177949411054;86.0
1218.0;0.08365266773909774;146.0
1219.0;0.07748803397067716;3.0
1220.0;-0.00032275325810582345;1.0
1221.0;-0.03447423656868098;10.0
1222.0;0.0849008645229763;4.0
1223.0;-0.0347376571103597;4.0
1224.0;-0.04700983859033703;5.0
1225.0;-0.22165652873867003;1.0
1226.0;-0.5076448259468478;3.0
1227.0;-0.541796447088464;35.0
1228.0;-0.5895085259211392;3.0
1229.0;-0.7282300875890362;7.0
1230.0;-0.7062304060393336;26.0
1231.0;NaN;1.0
1232.0;NaN;1.0
1233.0;NaN;1.0
1234.0;NaN;1.0
1235.0;NaN;1.0
1236.0;NaN;1.0
1237.0;NaN;1.0
1238.0;NaN;1.0
1239.0;NaN;1.0
1240.0;NaN;1.0
1241.0;NaN;1.0
1242.0;NaN;1.0
1243.0;-0.0015669295986577847;131.0
1244.0;-0.023395118702760342;97.0
1245.0;-0.0002748512509742618;36.0
1246.0;0.0020124294690314626;127.0
1247.0;0.0012307689522947918;29.0
1248.0;0.002567258970434194;3.0
1249.0;0.002772715772190293;130.0
1250.0;-0.0004238527791853297;130.0
1251.0;0.0012626934310504545;117.0
1252.0;0.002401285288447519;82.0
1253.0;0.0009567552785729738;16.0
1254.0;0.0025349736443205373;144.0
1255.0;0.00277746658349165;18.0
1256.0;-0.00012418025182481252;46.0
1257.0;0.001488259241223755;18.0
1258.0;-2.5870224802099404e9;150.0
1259.0;-2.5571358718576794e9;150.0
1260.0;-2.37898330525227e20;150.0
1261.0;-2.3789832232275984e20;150.0
1262.0;-2.3789831422042456e20;150.0
1263.0;-2.378983060140568e20;150.0
1264.0;-2.378982930844646e20;150.0
1265.0;-2.3789828029939178e20;150.0
1266.0;-2.3789826746719745e20;150.0
1267.0;-2.378982545494649e20;150.0
1268.0;-2.37898241608246e20;150.0
1269.0;-2.3789822867004464e20;150.0
1270.0;-0.07881906136523065;150.0
1271.0;-0.09046251574901043;139.0
1272.0;-0.0035670366733053793;127.0
1273.0;0.002532157325476958;127.0
1274.0;0.000436514335723559;17.0
1275.0;0.0024299127304003854;29.0
1276.0;0.002016331013006356;141.0
1277.0;-0.004750756114666688;140.0
1278.0;-0.0011575240653938224;111.0
1279.0;0.002604571160013336;58.0
1280.0;0.00035793117531834895;62.0
1281.0;0.0023912065726340304;62.0
1282.0;0.0019076692405006757;140.0
1283.0;-0.0018767717839389686;66.0
1284.0;0.0020942650165030052;111.0
1285.0;-4.463037956732221e10;150.0
1286.0;-4.446490606974826e10;150.0
1287.0;-1.2436328270108905e23;150.0
1288.0;-1.2436328245139558e23;150.0
1289.0;-1.2436328220261778e23;150.0
1290.0;-1.2436328195315709e23;150.0
1291.0;-1.2436328155833076e23;150.0
1292.0;-1.2436328116671403e23;150.0
1293.0;-1.2436328077490427e23;150.0
1294.0;-1.2436328038108895e23;150.0
1295.0;-1.2436327998642468e23;150.0
1296.0;-1.2436327959192039e23;150.0
1297.0;-3.1731578886218825;150.0
1298.0;-0.17686763873628597;148.0
1299.0;-0.007547639090593972;121.0
1300.0;0.0010723585363445753;88.0
1301.0;0.0001912488554283165;20.0
1302.0;0.0026373791754182863;110.0
1303.0;0.0019414394871754004;111.0
1304.0;-0.009740217729985234;136.0
1305.0;-0.0019971331772765666;123.0
1306.0;0.002177695179161665;58.0
1307.0;-0.0013142727338770754;76.0
1308.0;0.0019485109563671665;88.0
1309.0;0.0007486956961160196;86.0
1310.0;-0.00251184406006133;18.0
1311.0;0.00034985289705669054;130.0
1312.0;-1.1484807977999114e12;150.0
1313.0;-1.1472414292430579e12;150.0
1314.0;-3.6671648846426467e25;150.0
1315.0;-3.6671648840101097e25;150.0
1316.0;-3.6671648833772385e25;150.0
1317.0;-3.6671648827451585e25;150.0
1318.0;-3.667164881750494e25;150.0
1319.0;-3.66716488075491e25;150.0
1320.0;-3.66716487976254e25;150.0
1321.0;-3.667164878767493e25;150.0
1322.0;-3.6671648777707287e25;150.0
1323.0;-3.6671648767746377e25;150.0
1324.0;-27.281514278824424;150.0
1325.0;-0.4042363385442431;128.0
1326.0;-0.009620818299979073;146.0
1327.0;-0.0005863458964163737;139.0
1328.0;-0.0001648646630405537;49.0
1329.0;0.0022539323589129134;110.0
1330.0;0.0016203686616881319;120.0
1331.0;-0.00992562606241898;123.0
1332.0;-0.003894849379458165;50.0
1333.0;0.0015327995223661794;58.0
1334.0;-0.002568938463779036;121.0
1335.0;0.001315776099552024;88.0
1336.0;0.00030296648067074106;84.0
1337.0;-0.004677205890697422;46.0
1338.0;0.00018858711032232467;86.0
1339.0;-7.901861573757949e12;150.0
1340.0;-7.897611688749495e12;150.0
1341.0;-1.602807331197329e27;150.0
1342.0;-1.6028073311426132e27;150.0
1343.0;-1.602807331087784e27;150.0
1344.0;-1.6028073310329919e27;150.0
1345.0;-1.602807330947051e27;150.0
1346.0;-1.6028073308609818e27;150.0
1347.0;-1.6028073307755583e27;150.0
1348.0;-1.602807330689576e27;150.0
1349.0;-1.6028073306033997e27;150.0
1350.0;-1.6028073305172767e27;150.0
1351.0;-0.002526259466631542;150.0
1352.0;-0.005735512336140225;90.0
1353.0;0.0003428288422723247;139.0
1354.0;0.0017891197615587107;29.0
1355.0;-9.865483910997952e-5;29.0
1356.0;0.0017713185997412229;40.0
1357.0;0.002719115784741377;27.0
1358.0;0.0009657130792873891;122.0
1359.0;0.002240531324860129;140.0
1360.0;0.0019796749769420696;107.0
1361.0;0.0011912067788775182;140.0
1362.0;0.0018730611866314417;149.0
1363.0;0.0022516864299731987;91.0
1364.0;0.001193910742128823;101.0
1365.0;0.0023191109928337728;91.0
1366.0;-1.9170140066804348e6;150.0
1367.0;-1.5532125009849116e6;150.0
1368.0;-3.000649859231965e14;150.0
1369.0;-3.0006085200589994e14;150.0
1370.0;-3.000567302624934e14;150.0
1371.0;-3.0005254853926006e14;150.0
1372.0;-3.0004584426335025e14;150.0
1373.0;-3.0003922529124125e14;150.0
1374.0;-3.000326067815717e14;150.0
1375.0;-3.000259884625121e14;150.0
1376.0;-3.00019289509866e14;150.0
1377.0;-3.0001260148944406e14;150.0
1378.0;-0.015292109202159176;148.0
1379.0;-0.017356188036535602;139.0
1380.0;0.0004083328480604109;149.0
1381.0;0.002291975843957572;113.0
1382.0;0.0011269730139290557;29.0
1383.0;0.0023062374932215635;136.0
1384.0;0.002129866342834519;130.0
1385.0;-0.000979422423766474;139.0
1386.0;0.001823759087094201;147.0
1387.0;0.002458686276177624;82.0
1388.0;0.0006776525069750461;16.0
1389.0;0.002393030644445737;49.0
1390.0;0.002707610939634897;18.0
1391.0;-0.00018050209055497923;124.0
1392.0;0.0014277822574439991;141.0
1393.0;-3.3534934545626723e64;1.0
1394.0;NaN;1.0
1395.0;NaN;1.0
1396.0;NaN;1.0
1397.0;NaN;1.0
1398.0;NaN;1.0
1399.0;NaN;1.0
1400.0;NaN;1.0
1401.0;NaN;1.0
1402.0;NaN;1.0
1403.0;NaN;1.0
1404.0;NaN;1.0
1405.0;-1.9237912359309028;150.0
1406.0;-0.08055362655273712;144.0
1407.0;1.068400208348308e-5;100.0
1408.0;0.002215425307231289;127.0
1409.0;0.0007884448280663925;73.0
1410.0;0.003042579291483216;29.0
1411.0;0.0018684425767822033;91.0
1412.0;-0.0033664040527916494;92.0
1413.0;0.0008047216108729716;140.0
1414.0;0.0026556315470884773;58.0
1415.0;-0.0003575867586869119;58.0
1416.0;0.002490277802709384;62.0
1417.0;0.001728145309569884;92.0
1418.0;-0.001308374671692203;18.0
1419.0;0.0016975276261803618;115.0
1420.0;-4.063456030294171e10;150.0
1421.0;-4.048065489093958e10;150.0
1422.0;NaN;1.0
1423.0;NaN;1.0
1424.0;NaN;1.0
1425.0;NaN;1.0
1426.0;NaN;1.0
1427.0;NaN;1.0
1428.0;NaN;1.0
1429.0;NaN;1.0
1430.0;NaN;1.0
1431.0;NaN;1.0
1432.0;-15.93419667108219;150.0
1433.0;-0.2164599617186418;115.0
1434.0;-0.0012808304007252413;146.0
1435.0;0.0019319993704339788;136.0
1436.0;0.001558715840933922;29.0
1437.0;0.002573025066796797;110.0
1438.0;0.0011198552224522818;147.0
1439.0;-0.009445746900176522;88.0
1440.0;0.0009092581286823664;86.0
1441.0;0.0027211040103072293;88.0
1442.0;5.300668685792598e-5;76.0
1443.0;0.0027330867484751664;88.0
1444.0;0.0013101641930219898;26.0
1445.0;-0.0024165041931882847;125.0
1446.0;-0.0001456621527151647;51.0
1447.0;-1.238347889001606e12;150.0
1448.0;-1.2370223641100022e12;150.0
1449.0;-3.954150081664965e25;150.0
1450.0;-3.9541500809871145e25;150.0
1451.0;-3.954150080309391e25;150.0
1452.0;-3.95415007963202e25;150.0
1453.0;-3.95415007856776e25;150.0
1454.0;-3.954150077502626e25;150.0
1455.0;-3.95415007644337e25;150.0
1456.0;-3.9541500753788364e25;150.0
1457.0;-3.9541500743125155e25;150.0
1458.0;-3.954150073246661e25;150.0
1459.0;-37.29216344873442;118.0
1460.0;-69.12755898931057;65.0
1461.0;-113.63810057597493;118.0
1462.0;-113.13620883159682;130.0
1463.0;-107.32939648180405;68.0
1464.0;-111.83479391665563;10.0
1465.0;-64.01043510102912;1.0
1466.0;-86.03704549933107;5.0
1467.0;-56.461912226672084;1.0
1468.0;-97.8618489624471;2.0
1469.0;-90.0300214952966;2.0
1470.0;-96.76599419297527;62.0
1471.0;-91.34016647881988;67.0
1472.0;-90.1350710219834;2.0
1473.0;-94.89597424923869;71.0
1474.0;-62.769483198481176;25.0
1475.0;-96.16939405765254;63.0
1476.0;-81.0622756616394;39.0
1477.0;-98.41031250306314;3.0
1478.0;-95.6306312545467;3.0
1479.0;-102.29708693509471;132.0
1480.0;-93.84322994052377;2.0
1481.0;-95.17025518856488;2.0
1482.0;-95.04417648680763;2.0
1483.0;-90.88803027565864;53.0
1484.0;-88.41850601281934;84.0
1485.0;-95.5770728106947;68.0
1486.0;0.1900820870182618;13.0
1487.0;-0.19546566441441504;43.0
1488.0;0.17219969624350828;3.0
1489.0;-21.312466784316058;1.0
1490.0;-23.927160581871597;1.0
1491.0;-19.856178463672407;133.0
1492.0;-4.613420394267378;3.0
1493.0;-11.412504001085699;71.0
1494.0;0.038396095950805065;3.0
1495.0;-11.669303399850238;79.0
1496.0;-13.52243561342736;67.0
1497.0;-8.60252177716584;79.0
1498.0;-9.98216241057476;52.0
1499.0;-9.495893809967676;67.0
1500.0;-8.566203549475865;123.0
1501.0;-1.0622280118409404;150.0
1502.0;0.055496620185736645;150.0
1503.0;-3.719769873960963e13;150.0
1504.0;-3.69701605736214e13;150.0
1505.0;-3.674965970057865e13;150.0
1506.0;-3.652439439978908e13;150.0
1507.0;-3.6193986117242164e13;150.0
1508.0;-3.588355171528517e13;150.0
1509.0;-3.55592154791757e13;150.0
1510.0;-3.523786943382425e13;150.0
1511.0;-3.4935447774853477e13;150.0
1512.0;-3.4620065948420305e13;150.0
1513.0;-37.07883667009411;117.0
1514.0;-8.396748508777579;98.0
1515.0;-50.328202819553745;34.0
1516.0;-73.77811747033216;17.0
1517.0;-82.06548423524448;112.0
1518.0;-79.21141716547584;4.0
1519.0;-84.17239827084187;67.0
1520.0;-66.20229888595833;39.0
1521.0;-61.63656994803494;11.0
1522.0;-91.60743694025831;1.0
1523.0;-133.2063079292126;9.0
1524.0;-153.84956156751676;7.0
1525.0;-280.1789336047008;1.0
1526.0;-368.8468955600748;14.0
1527.0;-341.53224599536867;123.0
1528.0;-1.172516293256777e36;150.0
1529.0;-7.311843020233613e36;150.0
1530.0;NaN;1.0
1531.0;NaN;1.0
1532.0;NaN;1.0
1533.0;NaN;1.0
1534.0;NaN;1.0
1535.0;NaN;1.0
1536.0;NaN;1.0
1537.0;NaN;1.0
1538.0;NaN;1.0
1539.0;NaN;1.0
1540.0;-240.12663406120495;147.0
1541.0;-23.50790579536185;57.0
1542.0;-184.5065408157392;150.0
1543.0;-142.16225584208118;110.0
1544.0;-114.18095463407465;144.0
1545.0;-121.56815347373376;2.0
1546.0;-137.51003456031583;94.0
1547.0;-116.31288213847934;132.0
1548.0;-279.5190446399667;133.0
1549.0;-177.54002625539948;146.0
1550.0;-92.99987110033857;144.0
1551.0;-35.609303379515126;66.0
1552.0;-43.83712616346239;66.0
1553.0;-56.1405210594422;7.0
1554.0;-48.0193991616095;58.0
1555.0;-5.071006516671702e34;150.0
1556.0;-1.4354469518976853e35;150.0
1557.0;NaN;1.0
1558.0;NaN;1.0
1559.0;NaN;1.0
1560.0;NaN;1.0
1561.0;NaN;1.0
1562.0;NaN;1.0
1563.0;NaN;1.0
1564.0;NaN;1.0
1565.0;NaN;1.0
1566.0;NaN;1.0
1567.0;-116.07073616457278;149.0
1568.0;-1.2385191204203974;147.0
1569.0;-380.0850797699577;114.0
1570.0;-108.80433708905151;147.0
1571.0;-23.67715825605281;136.0
1572.0;-10.38298623784628;136.0
1573.0;-4.036031059048807;146.0
1574.0;-0.4313539142164735;129.0
1575.0;-1.4769418022364609;125.0
1576.0;-1.4555554601854395;116.0
1577.0;-1.212037894678423;27.0
1578.0;-2.698015421804403;61.0
1579.0;-1.9004374902759995;37.0
1580.0;-1.6358678471304922;28.0
1581.0;-2.396269874873744;119.0
1582.0;-2.153857692253851;63.0
1583.0;-3.24005034498707;131.0
1584.0;-4.0341991331032645;129.0
1585.0;-4.970273299566926;133.0
1586.0;-3.843705782062213;134.0
1587.0;-4.722014470293678;6.0
1588.0;-2.261136571411197;29.0
1589.0;-2.720887804644328;74.0
1590.0;-3.430564456125606;58.0
1591.0;-3.177830035433404;81.0
1592.0;-2.400589654183897;73.0
1593.0;-4.189628063089769;123.0
1594.0;-1344.718212715911;118.0
1595.0;-1.803181788501378;117.0
1596.0;-771.1695691114378;106.0
1597.0;-1066.25178624958;142.0
1598.0;-252.06757149889032;142.0
1599.0;-108.76520516765137;87.0
1600.0;-13.055024534553398;148.0
1601.0;-4.14243383770997;49.0
1602.0;-7.612960655850758;108.0
1603.0;-5.931790848148678;110.0
1604.0;-5.323829415610932;23.0
1605.0;-5.310616884219801;63.0
1606.0;-6.455616271066279;56.0
1607.0;-6.850783982001228;56.0
1608.0;-7.569062957371315;54.0
1609.0;-10.165669137161983;100.0
1610.0;-10.249025047216694;98.0
1611.0;-332.4926722301113;150.0
1612.0;-106.20159318998034;144.0
1613.0;-59.75168435943901;150.0
1614.0;-12.260759863464681;122.0
1615.0;-7.88727567426457;128.0
1616.0;-6.85941780027708;112.0
1617.0;-6.384019198673476;101.0
1618.0;-6.09767374553041;55.0
1619.0;-6.703503294404152;52.0
1620.0;-4.6203191283917855;150.0
1621.0;-3142.3607132323946;109.0
1622.0;-3.8661151582351385;108.0
1623.0;-1308.6304846548355;148.0
1624.0;-1110.6685393305117;140.0
1625.0;-370.9480804994395;111.0
1626.0;-217.44191754253347;111.0
1627.0;-197.9299053655739;137.0
1628.0;-10.889288740852797;146.0
1629.0;-16.145768804164312;140.0
1630.0;-7.366479666391333;111.0
1631.0;-6.759819750891217;36.0
1632.0;-11.403724125568608;1.0
1633.0;-7.973501110978315;30.0
1634.0;-8.62068544725491;149.0
1635.0;-9.551596460155798;2.0
1636.0;-12.113221397787743;73.0
1637.0;-11.134532205247778;109.0
1638.0;-3.6817128241658434e6;150.0
1639.0;-2.5191003020244814e6;150.0
1640.0;-1.434845811610126e6;150.0
1641.0;-735507.7890011197;150.0
1642.0;-73475.4112143407;150.0
1643.0;-29235.359416810592;150.0
1644.0;-8401.145507887399;133.0
1645.0;-1893.173679417409;133.0
1646.0;-196.14958573179166;127.0
1647.0;-74.54838227757081;124.0
1648.0;-5545.353522304747;142.0
1649.0;-6.600869167526193;141.0
1650.0;-1712.4068256397875;142.0
1651.0;-874.4981534590804;128.0
1652.0;-637.3808257276847;128.0
1653.0;-309.93527605115196;128.0
1654.0;-91.28086883722415;140.0
1655.0;-8.618331813247286;142.0
1656.0;-9.67079521743555;146.0
1657.0;-7.203936549840785;108.0
1658.0;-10.891305768948492;120.0
1659.0;-8.090718016330511;141.0
1660.0;-13.743200240855698;121.0
1661.0;-8.168209131250958;67.0
1662.0;-13.511516837044066;63.0
1663.0;-33.683750664005586;129.0
1664.0;-52.392950936348385;130.0
1665.0;-1.4770879507372168e8;150.0
1666.0;-1.2964410452342096e8;150.0
1667.0;-9.20827901218928e7;150.0
1668.0;-7.684078709198911e7;150.0
1669.0;-1.2611950078981254e7;150.0
1670.0;-3.8460916599911023e6;150.0
1671.0;-235904.83121079658;143.0
1672.0;-164028.07816779273;95.0
1673.0;-137936.38591807702;2.0
1674.0;-32155.798640531048;98.0
1675.0;-7752.186702385821;149.0
1676.0;-33.20102182303567;132.0
1677.0;-12034.917121447299;103.0
1678.0;-5583.580413325792;150.0
1679.0;-3035.471736192883;104.0
1680.0;-2845.586009155067;104.0
1681.0;-1200.5879275387836;71.0
1682.0;-91.88157236698834;146.0
1683.0;-108.45350958553718;150.0
1684.0;-12.621850249855608;141.0
1685.0;-9.127821274906255;132.0
1686.0;-7.5908391917922895;31.0
1687.0;-9.531327306723876;20.0
1688.0;-10.078305856820064;45.0
1689.0;-14.242678276826968;131.0
1690.0;-4399.412259278355;150.0
1691.0;-17464.97859032779;146.0
1692.0;-4.612646870748405e87;1.0
1693.0;-4.612646870748405e87;1.0
1694.0;-4.612646870748405e87;1.0
1695.0;-4.612646870748405e87;1.0
1696.0;-4.612646870748405e87;1.0
1697.0;-4.612646870748405e87;1.0
1698.0;-4.612646870748405e87;1.0
1699.0;-4.612646870748405e87;1.0
1700.0;-4.612646870748405e87;1.0
1701.0;-4.612646870748405e87;1.0
1702.0;0.1860141070075454;39.0
1703.0;0.17087491379013975;8.0
1704.0;0.18376306312594626;13.0
1705.0;0.13476039527444994;1.0
1706.0;0.12445934764633115;114.0
1707.0;0.13445443778731758;21.0
1708.0;0.1284085880628053;2.0
1709.0;0.10705085503363865;10.0
1710.0;0.11558037813315758;4.0
1711.0;0.0879507496754709;80.0
1712.0;0.0902199292045095;98.0
1713.0;0.10037927062907293;6.0
1714.0;0.08648503675297192;102.0
1715.0;0.08938722227312623;117.0
1716.0;0.09933122251522353;9.0
1717.0;-0.10307933067682096;150.0
1718.0;-0.0888809064885474;125.0
1719.0;-0.09492965454281332;1.0
1720.0;-0.1538522639127038;2.0
1721.0;-0.1502709669143807;2.0
1722.0;-0.1700376535459267;95.0
1723.0;-0.07786123212784868;69.0
1724.0;-0.09906005460639156;47.0
1725.0;-0.10229830748687152;77.0
1726.0;-0.12237997307090742;1.0
1727.0;-0.1624697001870805;4.0
1728.0;-0.253716175053347;1.0
1729.0;0.20120722739094055;77.0
1730.0;0.22194013562865555;21.0
1731.0;0.12509832822246836;19.0
1732.0;-0.08204422813275536;1.0
1733.0;-0.3900714760854289;93.0
1734.0;-0.3538367619356373;71.0
1735.0;-0.3453097434385375;1.0
1736.0;-0.7845716978310979;9.0
1737.0;-0.6878485473255809;10.0
1738.0;-2.549420193434521;75.0
1739.0;-7.1636770320167535;41.0
1740.0;-12.278546318196783;1.0
1741.0;-1.668226235017329;94.0
1742.0;-6.422726713857493;7.0
1743.0;-8.074528753704188;21.0
1744.0;-5.547576247757083e16;150.0
1745.0;-7.219113698601272e39;150.0
1746.0;NaN;1.0
1747.0;NaN;1.0
1748.0;NaN;1.0
1749.0;NaN;1.0
1750.0;NaN;1.0
1751.0;NaN;1.0
1752.0;NaN;1.0
1753.0;NaN;1.0
1754.0;NaN;1.0
1755.0;NaN;1.0
1756.0;0.19846617047875903;143.0
1757.0;0.17774681994438657;25.0
1758.0;0.14196068433924502;42.0
1759.0;-25.563754097226454;148.0
1760.0;-29.465399407111374;1.0
1761.0;-49.84113659690489;6.0
1762.0;-0.14051330550074836;2.0
1763.0;-17.660091947048166;3.0
1764.0;-46.876246699041175;10.0
1765.0;-30.902865658078916;61.0
1766.0;-45.64205163021948;4.0
1767.0;-51.671333692263666;59.0
1768.0;-25.83886115389249;59.0
1769.0;-93.32395822386864;59.0
1770.0;-138.507104562819;5.0
1771.0;-1.0878821835699918e46;150.0
1772.0;-5.945014356718121e180;1.0
1773.0;NaN;1.0
1774.0;NaN;1.0
1775.0;NaN;1.0
1776.0;NaN;1.0
1777.0;NaN;1.0
1778.0;NaN;1.0
1779.0;NaN;1.0
1780.0;NaN;1.0
1781.0;NaN;1.0
1782.0;NaN;1.0
1783.0;-166.4986921187414;145.0
1784.0;0.13186591092962474;25.0
1785.0;0.004669337092547465;142.0
1786.0;0.002777518735342932;3.0
1787.0;-0.16299142285749557;3.0
1788.0;-0.23176301654999087;2.0
1789.0;-0.2399138996818846;5.0
1790.0;-0.636521452183513;8.0
1791.0;-0.5417164792557603;2.0
1792.0;-1.10224237385571;1.0
1793.0;-11.725563184761754;1.0
1794.0;-28.06593561209198;2.0
1795.0;-25.557849451541795;60.0
1796.0;-28.607037878783224;60.0
1797.0;-44.11931378338216;52.0
1798.0;-5.2084882058435425e44;150.0
1799.0;-1.8943087724566697e213;1.0
1800.0;NaN;1.0
1801.0;NaN;1.0
1802.0;NaN;1.0
1803.0;NaN;1.0
1804.0;NaN;1.0
1805.0;NaN;1.0
1806.0;NaN;1.0
1807.0;NaN;1.0
1808.0;NaN;1.0
1809.0;NaN;1.0
1810.0;0.0006637074897648532;102.0
1811.0;-0.0038659234138587184;150.0
1812.0;0.002854883238815553;132.0
1813.0;0.0018297305999949165;133.0
1814.0;0.0007958489253167;1.0
1815.0;0.0016767435467953673;133.0
1816.0;0.003155899258102779;120.0
1817.0;0.0009761433634257743;117.0
1818.0;0.0020624603806758124;40.0
1819.0;0.001972269221491074;133.0
1820.0;0.0007959042895245849;2.0
1821.0;0.02510216195635473;150.0
1822.0;0.060315354965955637;145.0
1823.0;0.08629380224118233;146.0
1824.0;0.12150924000829588;144.0
1825.0;NaN;1.0
1826.0;NaN;1.0
1827.0;NaN;1.0
1828.0;NaN;1.0
1829.0;NaN;1.0
1830.0;NaN;1.0
1831.0;NaN;1.0
1832.0;NaN;1.0
1833.0;NaN;1.0
1834.0;NaN;1.0
1835.0;NaN;1.0
1836.0;NaN;1.0
1837.0;-0.0012427692555605496;149.0
1838.0;-0.025451883264484332;147.0
1839.0;0.0012943601849253472;114.0
1840.0;0.002183277768157521;119.0
1841.0;0.0009348438556318062;1.0
1842.0;0.0022817349996812064;56.0
1843.0;0.0022724385280641357;27.0
1844.0;0.00039974918738860943;117.0
1845.0;0.001979341540390367;110.0
1846.0;0.00260898131288001;119.0
1847.0;0.0012563352109583592;143.0
1848.0;0.0026295280938606336;4.0
1849.0;0.002284719077458419;94.0
1850.0;0.0002376523698675026;78.0
1851.0;0.0024025633049872264;104.0
1852.0;-1.5015979343378316e45;102.0
1853.0;-3.37711325934226e293;150.0
1854.0;NaN;1.0
1855.0;NaN;1.0
1856.0;NaN;1.0
1857.0;NaN;1.0
1858.0;NaN;1.0
1859.0;NaN;1.0
1860.0;NaN;1.0
1861.0;NaN;1.0
1862.0;NaN;1.0
1863.0;NaN;1.0
1864.0;-0.01793096511135661;149.0
1865.0;-0.09512446145055597;146.0
1866.0;-0.0009280983466444237;150.0
1867.0;0.0030060193269249025;132.0
1868.0;0.000891799720607156;106.0
1869.0;0.003288527508166328;132.0
1870.0;0.0023414416580650466;44.0
1871.0;-0.001702080338156664;145.0
1872.0;0.0011557088802088833;85.0
1873.0;0.0025382280261221357;56.0
1874.0;0.00104357106145192;4.0
1875.0;0.0022780247946211363;56.0
1876.0;0.002570125570852344;69.0
1877.0;0.0006967083733031565;119.0
1878.0;0.0017852651687004784;85.0
1879.0;-1.95783083836374e100;1.0
1880.0;NaN;1.0
1881.0;NaN;1.0
1882.0;NaN;1.0
1883.0;NaN;1.0
1884.0;NaN;1.0
1885.0;NaN;1.0
1886.0;NaN;1.0
1887.0;NaN;1.0
1888.0;NaN;1.0
1889.0;NaN;1.0
1890.0;NaN;1.0
1891.0;-0.1264932980868927;150.0
1892.0;-0.2084533892122431;127.0
1893.0;-0.004891518827669028;116.0
1894.0;0.0027532864427863846;132.0
1895.0;0.0008397524357685038;116.0
1896.0;0.0018622845440312563;25.0
1897.0;0.002525138265606297;120.0
1898.0;-0.007236044393066132;86.0
1899.0;-0.0008846800018285084;118.0
1900.0;0.002129195852753507;132.0
1901.0;-0.0010049041137030201;67.0
1902.0;0.0018844274008984474;116.0
1903.0;0.0018843892482051094;56.0
1904.0;-0.003938895058134495;42.0
1905.0;-0.00024791933894263707;24.0
1906.0;-9.325605006892488e128;1.0
1907.0;NaN;1.0
1908.0;NaN;1.0
1909.0;NaN;1.0
1910.0;NaN;1.0
1911.0;NaN;1.0
1912.0;NaN;1.0
1913.0;NaN;1.0
1914.0;NaN;1.0
1915.0;NaN;1.0
1916.0;NaN;1.0
1917.0;NaN;1.0
1918.0;0.1792714523149994;35.0
1919.0;0.15175120724814606;17.0
1920.0;0.16794976430852948;32.0
1921.0;0.06299007128356748;1.0
1922.0;-0.16169471695389892;38.0
1923.0;-0.2509507977733203;18.0
1924.0;-0.1341459092476296;4.0
1925.0;-0.39950497811665;4.0
1926.0;-0.5860574570151287;2.0
1927.0;-0.9549771865319974;1.0
1928.0;-1.3691334061936722;1.0
1929.0;-1.6117695549366555;1.0
1930.0;-1.3995634528697631;119.0
1931.0;-1.7428305016454106;90.0
1932.0;-6.151019671526969;30.0
1933.0;-3.322492322397855e74;150.0
1934.0;NaN;1.0
1935.0;NaN;1.0
1936.0;NaN;1.0
1937.0;NaN;1.0
1938.0;NaN;1.0
1939.0;NaN;1.0
1940.0;NaN;1.0
1941.0;NaN;1.0
1942.0;NaN;1.0
1943.0;NaN;1.0
1944.0;NaN;1.0
1945.0;-1.8888968700714979;44.0
1946.0;0.09289444144676584;78.0
1947.0;-0.18735220673556685;142.0
1948.0;-0.0455120351589029;91.0
1949.0;-0.043246526903298;25.0
1950.0;-0.06390560834392156;1.0
1951.0;0.09332356173279621;11.0
1952.0;-0.0019794396938221936;5.0
1953.0;-0.08848327300216585;6.0
1954.0;-0.3019521175182074;3.0
1955.0;-0.7277621253481004;19.0
1956.0;-0.8433642641148127;16.0
1957.0;-0.9740824843740172;2.0
1958.0;-1.1071674233946847;39.0
1959.0;-1.2869038861401219;39.0
1960.0;-4.469253451007228e168;1.0
1961.0;NaN;1.0
1962.0;NaN;1.0
1963.0;NaN;1.0
1964.0;NaN;1.0
1965.0;NaN;1.0
1966.0;NaN;1.0
1967.0;NaN;1.0
1968.0;NaN;1.0
1969.0;NaN;1.0
1970.0;NaN;1.0
1971.0;NaN;1.0
1972.0;0.00039774380652191077;136.0
1973.0;-0.023138006452558146;136.0
1974.0;-0.003301120509256128;118.0
1975.0;0.0022244681805441147;136.0
1976.0;0.0008700380986494949;29.0
1977.0;0.002569845858765518;61.0
1978.0;0.002235648623767128;114.0
1979.0;-0.001027450336734681;131.0
1980.0;0.0016311699793424284;130.0
1981.0;0.0024018695438043913;149.0
1982.0;0.0004542780359440002;139.0
1983.0;0.002326449471648284;46.0
1984.0;0.0024637589101810242;130.0
1985.0;0.000947116888129873;46.0
1986.0;0.0016013242327957977;139.0
1987.0;-2.897773029174716e9;150.0
1988.0;-2.866357000045896e9;150.0
1989.0;-2.666637610612342e20;150.0
1990.0;-2.6666375245907473e20;150.0
1991.0;-2.666637438811974e20;150.0
1992.0;-2.6666373524146156e20;150.0
1993.0;-2.6666372162992207e20;150.0
1994.0;-2.6666370806390505e20;150.0
1995.0;-2.6666369469213993e20;150.0
1996.0;-2.666636811253759e20;150.0
1997.0;-2.6666366752119112e20;150.0
1998.0;-2.6666365392240165e20;150.0
1999.0;-0.1523726683345521;150.0
2000.0;-0.08572012952095753;112.0
2001.0;-0.003432759602058688;110.0
2002.0;0.0022324763476180287;127.0
2003.0;0.0008941640324533484;73.0
2004.0;0.002896242145563943;29.0
2005.0;0.002312009328115039;116.0
2006.0;-0.0015788863137431441;104.0
2007.0;0.0007553709238864448;115.0
2008.0;0.003084097235566463;58.0
2009.0;-0.0004430487958486662;62.0
2010.0;0.00232464394878229;62.0
2011.0;0.002160965745215404;125.0
2012.0;-0.0009309573601576915;106.0
2013.0;0.0015500015499264608;115.0
2014.0;-5.133841472429784e10;150.0
2015.0;-5.116491853638527e10;150.0
2016.0;-1.4310371927636742e23;150.0
2017.0;-1.4310371901453673e23;150.0
2018.0;-1.4310371875211695e23;150.0
2019.0;-1.4310371848939256e23;150.0
2020.0;-1.431037180765553e23;150.0
2021.0;-1.4310371766419222e23;150.0
2022.0;-1.4310371725478607e23;150.0
2023.0;-1.4310371684207765e23;150.0
2024.0;-1.431037164290215e23;150.0
2025.0;-1.4310371601598487e23;150.0
2026.0;-1.0647636815738921;150.0
2027.0;-0.1624897163783503;124.0
2028.0;-0.002675678393804226;92.0
2029.0;0.0012333925465009;127.0
2030.0;0.00018218940684588958;29.0
2031.0;0.003086710954596339;29.0
2032.0;0.002265297439358105;97.0
2033.0;-0.008389868965306135;147.0
2034.0;-0.0008313992553008465;86.0
2035.0;0.0025676767812471413;149.0
2036.0;-0.00016543225856713306;76.0
2037.0;0.0021759779281609326;88.0
2038.0;0.0013595218552684418;57.0
2039.0;-0.005779973092093549;90.0
2040.0;0.0003419786901404098;130.0
2041.0;-1.0166366740501952e12;150.0
2042.0;-1.0155511401296862e12;150.0
2043.0;-3.2462170492210983e25;150.0
2044.0;-3.24621704866555e25;150.0
2045.0;-3.2462170481095045e25;150.0
2046.0;-3.2462170475538706e25;150.0
2047.0;-3.2462170466806153e25;150.0
2048.0;-3.2462170458081047e25;150.0
2049.0;-3.2462170449349743e25;150.0
2050.0;-3.2462170440614068e25;150.0
2051.0;-3.246217043187064e25;150.0
2052.0;-3.24621704231305e25;150.0
2053.0;-20.513179968322074;150.0
2054.0;-0.35587449866965715;121.0
2055.0;-0.012621734166568421;137.0
2056.0;-0.0005704648612416818;75.0
2057.0;-0.0008231420238520304;86.0
2058.0;0.002999084511388417;110.0
2059.0;0.001593906245987875;120.0
2060.0;-0.011749531632482269;102.0
2061.0;-0.0013183261279348102;123.0
2062.0;0.0018539705866247314;58.0
2063.0;-0.0029953055920903804;52.0
2064.0;0.00018758854564693284;88.0
2065.0;0.0013165411593474285;86.0
2066.0;-0.0025914763353900305;46.0
2067.0;0.0024848583463906726;57.0
2068.0;-6.48569413108816e12;150.0
2069.0;-6.481837684968274e12;150.0
2070.0;-1.315478099257434e27;150.0
2071.0;-1.3154780992076933e27;150.0
2072.0;-1.3154780991579266e27;150.0
2073.0;-1.3154780991082023e27;150.0
2074.0;-1.315478099030009e27;150.0
2075.0;-1.315478098951994e27;150.0
2076.0;-1.3154780988740654e27;150.0
2077.0;-1.3154780987959003e27;150.0
2078.0;-1.3154780987176014e27;150.0
2079.0;-1.3154780986393532e27;150.0
2080.0;0.0006205913498658067;128.0
2081.0;-0.00455326455496885;127.0
2082.0;0.0013556146504304367;110.0
2083.0;0.0016943995572158421;127.0
2084.0;1.5891613442620134e-5;41.0
2085.0;0.0020793943792275504;40.0
2086.0;0.0024627847402227676;70.0
2087.0;0.001558081495483643;140.0
2088.0;0.0024968870647245067;120.0
2089.0;0.001972397178750751;147.0
2090.0;0.0009051018875823047;137.0
2091.0;0.0019164021524816777;140.0
2092.0;0.002205713122908959;107.0
2093.0;0.0009462766156294045;137.0
2094.0;0.002024497401446501;83.0
2095.0;-1.358024811754461e6;150.0
2096.0;-1.0570600026736201e6;150.0
2097.0;-2.0423497642690912e14;150.0
2098.0;-2.042315676989466e14;150.0
2099.0;-2.0422815877645784e14;150.0
2100.0;-2.0422471018331875e14;150.0
2101.0;-2.0421921141661203e14;150.0
2102.0;-2.0421378348112384e14;150.0
2103.0;-2.0420837022635794e14;150.0
2104.0;-2.042029019964989e14;150.0
2105.0;-2.041974059911e14;150.0
2106.0;-2.0419190983850434e14;150.0
2107.0;-0.011718501943266624;150.0
2108.0;-0.014711498006825474;136.0
2109.0;0.0004055940227426502;127.0
2110.0;0.0022967851200219602;61.0
2111.0;0.00042778542134236375;29.0
2112.0;0.0023709382469425666;100.0
2113.0;0.002454623748853413;147.0
2114.0;0.0006642009246377034;141.0
2115.0;0.0012405041666893046;124.0
2116.0;0.0028955054266979197;1.0
2117.0;0.0008872043460811385;5.0
2118.0;0.00245585181958341;144.0
2119.0;0.0027649772074144208;18.0
2120.0;7.880328140830173e-5;101.0
2121.0;0.0013951172783986943;18.0
2122.0;-3.787221944890694e9;150.0
2123.0;-3.7518387548438177e9;150.0
2124.0;-3.490471069009283e20;150.0
2125.0;-3.4904709721328543e20;150.0
2126.0;-3.490470874983704e20;150.0
2127.0;-3.4904707778925704e20;150.0
2128.0;-3.490470624372795e20;150.0
2129.0;-3.4904704713764654e20;150.0
2130.0;-3.4904703187828284e20;150.0
2131.0;-3.490470165205831e20;150.0
2132.0;-3.490470011442261e20;150.0
2133.0;-3.4904698577447584e20;150.0
2134.0;-0.6238944215727027;150.0
2135.0;-0.06738753386564889;139.0
2136.0;-0.0022437573725078153;110.0
2137.0;0.0024541833757316667;58.0
2138.0;0.0017829378214562208;73.0
2139.0;0.002958257343314341;29.0
2140.0;0.0018780125629792588;130.0
2141.0;-0.004262574226916449;125.0
2142.0;0.0009337638009287996;115.0
2143.0;0.0022370671975758816;62.0
2144.0;8.596640852120974e-5;139.0
2145.0;0.0022565694520297885;62.0
2146.0;0.002323342039658005;125.0
2147.0;-0.0014847084995048832;106.0
2148.0;0.0019006049815001314;115.0
2149.0;-4.682402695474766e10;150.0
2150.0;-4.665659284146225e10;150.0
2151.0;NaN;1.0
2152.0;NaN;1.0
2153.0;NaN;1.0
2154.0;NaN;1.0
2155.0;NaN;1.0
2156.0;NaN;1.0
2157.0;NaN;1.0
2158.0;NaN;1.0
2159.0;NaN;1.0
2160.0;NaN;1.0
2161.0;-9.47184280457564;150.0
2162.0;-0.10138540186611333;149.0
2163.0;-0.001904353887665744;105.0
2164.0;0.0013973766274776311;11.0
2165.0;1.381136309319686e-6;73.0
2166.0;0.003143376649039853;29.0
2167.0;0.0018278883353329833;147.0
2168.0;-0.007464862030082342;140.0
2169.0;-0.0021745413601150787;88.0
2170.0;0.0026137703455634265;88.0
2171.0;-1.6475801299264958e-5;76.0
2172.0;0.002514225026528538;88.0
2173.0;0.0015581849566220773;92.0
2174.0;-0.004039851218722745;125.0
2175.0;-0.0012142756954351963;57.0
2176.0;-8.900357565681473e11;150.0
2177.0;-8.891438584521561e11;150.0
2178.0;-2.8421570675915696e25;150.0
2179.0;-2.8421570671352083e25;150.0
2180.0;-2.842157066678941e25;150.0
2181.0;-2.8421570662236595e25;150.0
2182.0;-2.842157065507294e25;150.0
2183.0;-2.842157064792594e25;150.0
2184.0;-2.8421570640853743e25;150.0
2185.0;-2.8421570633727903e25;150.0
2186.0;-2.8421570626568588e25;150.0
2187.0;-2.842157061941412e25;150.0
2188.0;-32.57674659302882;99.0
2189.0;-57.807122171529976;65.0
2190.0;-88.09428582242431;129.0
2191.0;-87.55287424604846;97.0
2192.0;-85.94026846722166;26.0
2193.0;-89.95317904984604;54.0
2194.0;-51.580020684808;1.0
2195.0;-66.29556454946366;1.0
2196.0;-49.593128518418375;1.0
2197.0;-83.62063961879404;2.0
2198.0;-81.66586728617072;2.0
2199.0;-84.4128189915972;62.0
2200.0;-79.09344814036675;2.0
2201.0;-79.51219858070904;71.0
2202.0;-82.90828587212464;2.0
2203.0;-65.51945091593049;28.0
2204.0;-84.21447887555935;67.0
2205.0;-72.92050445027348;45.0
2206.0;-85.90575778925296;3.0
2207.0;-83.73824069443066;63.0
2208.0;-90.79535127422928;95.0
2209.0;-83.31982284178264;2.0
2210.0;-82.67658131915717;117.0
2211.0;-86.1643415762931;63.0
2212.0;-80.63941887852847;53.0
2213.0;-79.77334574408347;126.0
2214.0;-84.87725926558824;68.0
2215.0;-0.2730119567454845;8.0
2216.0;-2.3742676626003267;1.0
2217.0;0.12032085270270232;1.0
2218.0;-31.358410804053307;138.0
2219.0;-32.637253880505426;1.0
2220.0;-33.1648176557355;66.0
2221.0;-25.931775521048035;67.0
2222.0;-29.431943556228696;1.0
2223.0;-26.182236947821778;12.0
2224.0;-31.873136484079772;144.0
2225.0;-34.73319975779421;2.0
2226.0;-30.57351605706834;67.0
2227.0;-29.80842851112935;71.0
2228.0;-35.209311797184874;2.0
2229.0;-30.916288516978266;67.0
2230.0;0.1789936539684338;104.0
2231.0;-30.80366441007655;26.0
2232.0;-10.259173868616346;150.0
2233.0;0.2205717662270058;124.0
2234.0;0.18636956899829382;1.0
2235.0;0.1654781858209151;149.0
2236.0;0.21310290999470305;23.0
2237.0;-0.6170872118714983;1.0
2238.0;-3.4745650446220457;5.0
2239.0;-4.84241695007284;4.0
2240.0;-7.705086508553951;1.0
2241.0;-10.141673512414512;76.0
2242.0;-85.21727393462989;149.0
2243.0;-63.316229087981185;17.0
2244.0;-148.4530886443542;136.0
2245.0;-140.7672814563755;87.0
2246.0;-132.22580528344136;2.0
2247.0;-141.48336165348465;149.0
2248.0;-112.07678211147325;63.0
2249.0;-70.58110523552797;95.0
2250.0;-107.71765249508843;8.0
2251.0;-102.21681434547236;1.0
2252.0;-66.90335871574675;150.0
2253.0;-79.64194171000013;80.0
2254.0;-82.6370658675858;8.0
2255.0;-74.14367393807315;117.0
2256.0;-87.83957947378015;63.0
2257.0;-6.760442381493496e37;150.0
2258.0;-1.7382488226820122e40;150.0
2259.0;NaN;1.0
2260.0;NaN;1.0
2261.0;NaN;1.0
2262.0;NaN;1.0
2263.0;NaN;1.0
2264.0;NaN;1.0
2265.0;NaN;1.0
2266.0;NaN;1.0
2267.0;NaN;1.0
2268.0;NaN;1.0
2269.0;-229.15817688555907;149.0
2270.0;-115.17400155289333;48.0
2271.0;-553.7822974991412;149.0
2272.0;-352.0314456347216;104.0
2273.0;-359.0034917749254;22.0
2274.0;-386.1568722799913;2.0
2275.0;-406.699043175726;9.0
2276.0;-242.1266700536427;135.0
2277.0;-344.9947642459837;64.0
2278.0;-176.5450206416517;1.0
2279.0;-255.0956464594065;64.0
2280.0;-260.2269747735681;64.0
2281.0;-315.92736965015695;80.0
2282.0;-282.60987917396386;94.0
2283.0;-415.87414557577193;48.0
2284.0;-2.401460396046445e41;150.0
2285.0;-1.2156562835080993e42;150.0
2286.0;NaN;1.0
2287.0;NaN;1.0
2288.0;NaN;1.0
2289.0;NaN;1.0
2290.0;NaN;1.0
2291.0;NaN;1.0
2292.0;NaN;1.0
2293.0;NaN;1.0
2294.0;NaN;1.0
2295.0;NaN;1.0
2296.0;-1136.2500442095175;124.0
2297.0;-365.47191400965386;136.0
2298.0;-1513.8696415237357;137.0
2299.0;-1292.9817295760242;142.0
2300.0;-1043.9555778967313;51.0
2301.0;-837.5386899960027;148.0
2302.0;-336.20427308172077;49.0
2303.0;-111.65890877019615;114.0
2304.0;-208.21621197416778;54.0
2305.0;-357.86939542641807;14.0
2306.0;-267.8855827768969;105.0
2307.0;-82.23375606003728;127.0
2308.0;-158.05754089119966;11.0
2309.0;-293.7658351522958;118.0
2310.0;-133.82069812099957;39.0
2311.0;-256.6552200834367;45.0
2312.0;-425.1499121021969;114.0
2313.0;-8.981666347996423e13;150.0
2314.0;-8.929362434424216e13;150.0
2315.0;-8.404709789499081e13;150.0
2316.0;-8.344854936652322e13;150.0
2317.0;-7.896358339363208e13;150.0
2318.0;-5.579826516019917e13;150.0
2319.0;-5.107216857355038e13;150.0
2320.0;-4.495196244286889e13;150.0
2321.0;-3.237274749223921e13;150.0
2322.0;-2.8431179708894316e13;150.0
2323.0;-4601.672309936048;135.0
2324.0;-565.0513779717329;147.0
2325.0;-6840.015220222445;136.0
2326.0;-5155.745166819133;138.0
2327.0;-2729.4762161489507;140.0
2328.0;-2090.033197532974;138.0
2329.0;-698.9755801661107;150.0
2330.0;-328.25418609754297;144.0
2331.0;-187.20595127086375;114.0
2332.0;-214.13328561417018;37.0
2333.0;-275.17142751150243;69.0
2334.0;-121.14653433579046;97.0
2335.0;-66.44251944087112;74.0
2336.0;-161.59104442901545;11.0
2337.0;-168.34354028098522;22.0
2338.0;-199.97967628140748;133.0
2339.0;-822.1350369497355;146.0
2340.0;-2.773554328356804e43;150.0
2341.0;-2.7735543278448436e43;150.0
2342.0;-2.773554324822964e43;150.0
2343.0;-2.7735543243110046e43;150.0
2344.0;-2.773554321208273e43;150.0
2345.0;-2.7735543089687864e43;150.0
2346.0;-2.7735543058660585e43;150.0
2347.0;-2.7735542988269497e43;150.0
2348.0;-2.773554285370239e43;150.0
2349.0;-2.7735542783311396e43;150.0
2350.0;-13119.455460946865;76.0
2351.0;-1417.9395923626028;138.0
2352.0;-13131.828264619406;147.0
2353.0;-6471.8604300383895;136.0
2354.0;-4639.859053413592;136.0
2355.0;-3627.5263236693713;150.0
2356.0;-2608.8029216526943;78.0
2357.0;-669.496279942364;150.0
2358.0;-793.6469648173787;86.0
2359.0;-447.5483211609993;93.0
2360.0;-530.1450017379949;6.0
2361.0;-265.56681125340486;63.0
2362.0;-197.8004415681159;45.0
2363.0;-389.2877202866958;47.0
2364.0;-223.8544597005191;139.0
2365.0;-30259.296400496987;138.0
2366.0;-1.0992956400011207e6;150.0
2367.0;-2.4941056917171263e245;1.0
2368.0;-2.4941056917171263e245;1.0
2369.0;-2.4941056917171263e245;1.0
2370.0;-2.4941056917171263e245;1.0
2371.0;-2.4941056917171263e245;1.0
2372.0;-2.4941056917171263e245;1.0
2373.0;-2.4941056917171263e245;1.0
2374.0;-2.4941056917171263e245;1.0
2375.0;-2.4941056917171263e245;1.0
2376.0;-2.4941056917171263e245;1.0
2377.0;-10272.341957569739;131.0
2378.0;-1548.7439124389061;123.0
2379.0;-16614.716953525218;82.0
2380.0;-12460.836778048177;150.0
2381.0;-5669.272383948491;138.0
2382.0;-4259.710431054497;4.0
2383.0;-1939.629688062441;144.0
2384.0;-1266.3455140589167;129.0
2385.0;-857.8808208169625;110.0
2386.0;-522.5905114241324;64.0
2387.0;-661.7752076098079;69.0
2388.0;-566.4688073533447;122.0
2389.0;-389.74443094071273;47.0
2390.0;-613.2274230049788;110.0
2391.0;-360.88129427906046;101.0
2392.0;-3.850049564287154e7;149.0
2393.0;-7.253617107819626e9;150.0
2394.0;NaN;1.0
2395.0;NaN;1.0
2396.0;NaN;1.0
2397.0;NaN;1.0
2398.0;NaN;1.0
2399.0;NaN;1.0
2400.0;NaN;1.0
2401.0;NaN;1.0
2402.0;NaN;1.0
2403.0;NaN;1.0
2404.0;-38573.234268706765;123.0
2405.0;-2970.7428164756298;125.0
2406.0;-34235.93703062971;145.0
2407.0;-8676.850507487154;148.0
2408.0;-4528.569111940705;85.0
2409.0;-4139.2588442527995;85.0
2410.0;-2465.493645402469;76.0
2411.0;-2178.3953715117377;79.0
2412.0;-1102.7815414558088;104.0
2413.0;-468.2637647432736;121.0
2414.0;-652.5530993753939;107.0
2415.0;-468.7804213435209;19.0
2416.0;-362.9070159039909;131.0
2417.0;-543.9782476315185;66.0
2418.0;-200.48501903142972;143.0
2419.0;-7.134170351689561e21;150.0
2420.0;-9.47946159782544e21;150.0
2421.0;NaN;1.0
2422.0;NaN;1.0
2423.0;NaN;1.0
2424.0;NaN;1.0
2425.0;NaN;1.0
2426.0;NaN;1.0
2427.0;NaN;1.0
2428.0;NaN;1.0
2429.0;NaN;1.0
2430.0;NaN;1.0
2431.0;0.20656598697755113;42.0
2432.0;0.19181801773649543;5.0
2433.0;0.20987153279772208;14.0
2434.0;-26.601243597023988;22.0
2435.0;-40.48252968902736;4.0
2436.0;-62.29329255504585;69.0
2437.0;-1.1579280369214762;1.0
2438.0;-26.629902333112703;6.0
2439.0;-30.354055134606227;1.0
2440.0;-105.79302301813883;138.0
2441.0;-120.30534773422201;1.0
2442.0;-125.37085453539983;71.0
2443.0;-91.02815700045379;26.0
2444.0;-132.45519769010076;66.0
2445.0;-61.17059993745047;66.0
2446.0;-4.513460761283166e99;1.0
2447.0;-2.0945447522542498e135;1.0
2448.0;NaN;1.0
2449.0;NaN;1.0
2450.0;NaN;1.0
2451.0;NaN;1.0
2452.0;NaN;1.0
2453.0;NaN;1.0
2454.0;NaN;1.0
2455.0;NaN;1.0
2456.0;NaN;1.0
2457.0;NaN;1.0
2458.0;-106.1149774465975;147.0
2459.0;-150.90433214519314;40.0
2460.0;-593.9079817028381;148.0
2461.0;-575.4157339746257;4.0
2462.0;-742.0932549876788;17.0
2463.0;-691.0120875295003;126.0
2464.0;-220.47673690392458;2.0
2465.0;-267.9680900175737;34.0
2466.0;-219.40283623506787;12.0
2467.0;-170.93161163026582;1.0
2468.0;-271.9363741822109;1.0
2469.0;-278.9507142381508;64.0
2470.0;-253.3078202392457;48.0
2471.0;-442.8199887590413;135.0
2472.0;-398.9778452849296;71.0
2473.0;-3.2308187219268727e150;1.0
2474.0;-3.2308187219361443e150;1.0
2475.0;NaN;1.0
2476.0;NaN;1.0
2477.0;NaN;1.0
2478.0;NaN;1.0
2479.0;NaN;1.0
2480.0;NaN;1.0
2481.0;NaN;1.0
2482.0;NaN;1.0
2483.0;NaN;1.0
2484.0;NaN;1.0
2485.0;-907.211767664388;146.0
2486.0;-127.66233909254387;121.0
2487.0;-768.572625744742;147.0
2488.0;-249.99577040974623;146.0
2489.0;-218.4182335540035;102.0
2490.0;-156.2706682482706;140.0
2491.0;-127.74897184250233;106.0
2492.0;-83.28801408244995;79.0
2493.0;-224.3507516113399;8.0
2494.0;-192.00340076879195;123.0
2495.0;-197.3811484926168;1.0
2496.0;-342.999894635303;1.0
2497.0;-302.8724170429964;46.0
2498.0;-388.68099936881185;1.0
2499.0;-357.7987585242598;42.0
2500.0;-3.540454892138085e153;1.0
2501.0;-3.5404548921437586e153;1.0
2502.0;NaN;1.0
2503.0;NaN;1.0
2504.0;NaN;1.0
2505.0;NaN;1.0
2506.0;NaN;1.0
2507.0;NaN;1.0
2508.0;NaN;1.0
2509.0;NaN;1.0
2510.0;NaN;1.0
2511.0;NaN;1.0
2512.0;-3391.979288817692;150.0
2513.0;-223.12421920528809;145.0
2514.0;-2367.5797748279338;150.0
2515.0;-847.5289016401622;141.0
2516.0;-553.035127653944;146.0
2517.0;-487.1195287199065;137.0
2518.0;-645.2063123354508;150.0
2519.0;-161.6246068408734;86.0
2520.0;-387.43132329228257;39.0
2521.0;-301.2083691045282;133.0
2522.0;-593.4419461340802;20.0
2523.0;-954.6197663528552;41.0
2524.0;-401.5235494669602;141.0
2525.0;-635.315357950953;1.0
2526.0;-474.9253225104446;142.0
2527.0;-6.020390137155413e139;1.0
2528.0;-2.9297695496602363e186;1.0
2529.0;NaN;1.0
2530.0;NaN;1.0
2531.0;NaN;1.0
2532.0;NaN;1.0
2533.0;NaN;1.0
2534.0;NaN;1.0
2535.0;NaN;1.0
2536.0;NaN;1.0
2537.0;NaN;1.0
2538.0;NaN;1.0
2539.0;-4799.432286757907;118.0
2540.0;-1653.0271288360418;91.0
2541.0;-37014.08434085521;148.0
2542.0;-20129.147438089818;150.0
2543.0;-8491.764807472695;150.0
2544.0;-6010.617449720212;148.0
2545.0;-1277.6003062805844;145.0
2546.0;-258.36830479260067;134.0
2547.0;-383.3695656131387;3.0
2548.0;-211.79602356818154;28.0
2549.0;-142.1957959297728;81.0
2550.0;-67.9324071787544;101.0
2551.0;-53.487486105870595;74.0
2552.0;-187.26588227183402;82.0
2553.0;-41.829712793354794;73.0
2554.0;-4.220482515153031e259;1.0
2555.0;-Inf;1.0
2556.0;NaN;1.0
2557.0;NaN;1.0
2558.0;NaN;1.0
2559.0;NaN;1.0
2560.0;NaN;1.0
2561.0;NaN;1.0
2562.0;NaN;1.0
2563.0;NaN;1.0
2564.0;NaN;1.0
2565.0;NaN;1.0
2566.0;-73945.65596926487;149.0
2567.0;-17295.326539677844;98.0
2568.0;-186595.77288632476;141.0
2569.0;-120493.60400304399;150.0
2570.0;-49448.8131751296;149.0
2571.0;-34111.10342983675;134.0
2572.0;-19558.400667149195;126.0
2573.0;-5004.68448847306;112.0
2574.0;-3311.8614334192143;81.0
2575.0;-2216.3077288762593;92.0
2576.0;-1665.4556441435905;102.0
2577.0;-484.23192696383313;103.0
2578.0;-681.4755174446718;44.0
2579.0;-1181.7094647040035;5.0
2580.0;-337.5004636477549;123.0
2581.0;-1.5023725772401555e272;1.0
2582.0;-Inf;1.0
2583.0;NaN;1.0
2584.0;NaN;1.0
2585.0;NaN;1.0
2586.0;NaN;1.0
2587.0;NaN;1.0
2588.0;NaN;1.0
2589.0;NaN;1.0
2590.0;NaN;1.0
2591.0;NaN;1.0
2592.0;NaN;1.0
2593.0;-539011.7531507299;132.0
2594.0;-55623.31082143749;148.0
2595.0;-475207.1097663911;137.0
2596.0;-272935.28917219077;147.0
2597.0;-101190.50722934713;147.0
2598.0;-68224.71973148218;147.0
2599.0;-58876.13393003928;150.0
2600.0;-17824.74291054659;130.0
2601.0;-26356.033537210467;150.0
2602.0;-11062.929253351562;145.0
2603.0;-13453.405741578417;20.0
2604.0;-17796.205387608778;20.0
2605.0;-7292.366840000117;46.0
2606.0;-5913.393191392638;121.0
2607.0;-3509.058571593591;30.0
2608.0;-2.5767121242842866e288;1.0
2609.0;-Inf;1.0
2610.0;NaN;1.0
2611.0;NaN;1.0
2612.0;NaN;1.0
2613.0;NaN;1.0
2614.0;NaN;1.0
2615.0;NaN;1.0
2616.0;NaN;1.0
2617.0;NaN;1.0
2618.0;NaN;1.0
2619.0;NaN;1.0
2620.0;-1.686978454674393e6;148.0
2621.0;-139456.8761325695;142.0
2622.0;-734708.8965756088;143.0
2623.0;-472465.6988332272;150.0
2624.0;-255221.16082539601;141.0
2625.0;-197241.79118743658;140.0
2626.0;-255718.4205528148;150.0
2627.0;-41687.56388589051;150.0
2628.0;-83243.85490576505;148.0
2629.0;-27890.884569455924;124.0
2630.0;-13408.717610475574;112.0
2631.0;-12444.342455914059;126.0
2632.0;-9481.638599095651;130.0
2633.0;-13127.674669681885;141.0
2634.0;-9499.138349450559;64.0
2635.0;-1.1912525199841665e304;1.0
2636.0;-1.1912525199841665e304;1.0
2637.0;NaN;1.0
2638.0;NaN;1.0
2639.0;NaN;1.0
2640.0;NaN;1.0
2641.0;NaN;1.0
2642.0;NaN;1.0
2643.0;NaN;1.0
2644.0;NaN;1.0
2645.0;NaN;1.0
2646.0;NaN;1.0
2647.0;-6905.168258462905;150.0
2648.0;-178.94186433240668;106.0
2649.0;-681.5359044036725;148.0
2650.0;-181.6826727193653;150.0
2651.0;-167.91411569168383;56.0
2652.0;-125.97372031949874;122.0
2653.0;-135.89044116096065;42.0
2654.0;-98.40989571034335;65.0
2655.0;-364.1383000921705;142.0
2656.0;-181.8810083253938;2.0
2657.0;-289.5107673894653;118.0
2658.0;-198.75476535994196;55.0
2659.0;-176.11892604348824;148.0
2660.0;-219.7780470922238;28.0
2661.0;-190.28172206382106;67.0
2662.0;-Inf;1.0
2663.0;-Inf;1.0
2664.0;NaN;1.0
2665.0;NaN;1.0
2666.0;NaN;1.0
2667.0;NaN;1.0
2668.0;NaN;1.0
2669.0;NaN;1.0
2670.0;NaN;1.0
2671.0;NaN;1.0
2672.0;NaN;1.0
2673.0;NaN;1.0
2674.0;-186169.91146221178;11.0
2675.0;-1094.8120018153418;123.0
2676.0;-100494.17385855112;6.0
2677.0;-14196.862404590156;142.0
2678.0;-2925.6528715013596;145.0
2679.0;-2456.997507173863;149.0
2680.0;-8144.949868958432;150.0
2681.0;-406.9014992590981;144.0
2682.0;-661.2231278948066;99.0
2683.0;-279.96120055723475;138.0
2684.0;-210.8043931981992;42.0
2685.0;-475.9107101652098;41.0
2686.0;-446.2019402826015;25.0
2687.0;-452.3873286538582;15.0
2688.0;-528.0758659637675;74.0
2689.0;-7.748758187162481e269;1.0
2690.0;-Inf;1.0
2691.0;NaN;1.0
2692.0;NaN;1.0
2693.0;NaN;1.0
2694.0;NaN;1.0
2695.0;NaN;1.0
2696.0;NaN;1.0
2697.0;NaN;1.0
2698.0;NaN;1.0
2699.0;NaN;1.0
2700.0;NaN;1.0
2701.0;-1.2241633719011475e6;145.0
2702.0;-232639.38284988218;115.0
2703.0;-2.318604756979938e6;138.0
2704.0;-1.6077965759369282e6;150.0
2705.0;-754230.7677093671;150.0
2706.0;-554318.3713921271;150.0
2707.0;-695877.9012093344;30.0
2708.0;-85385.98186142424;144.0
2709.0;-106493.84353819209;78.0
2710.0;-53833.767754328874;149.0
2711.0;-18347.94225175559;148.0
2712.0;-9935.185835845332;150.0
2713.0;-9107.20954623725;89.0
2714.0;-4343.323774320636;87.0
2715.0;-6716.972892800882;67.0
2716.0;NaN;1.0
2717.0;NaN;1.0
2718.0;NaN;1.0
2719.0;NaN;1.0
2720.0;NaN;1.0
2721.0;NaN;1.0
2722.0;NaN;1.0
2723.0;NaN;1.0
2724.0;NaN;1.0
2725.0;NaN;1.0
2726.0;NaN;1.0
2727.0;NaN;1.0
2728.0;-4.243886698371753e7;116.0
2729.0;-1.6146816708493435e6;140.0
2730.0;-3.741781472752822e7;142.0
2731.0;-2.3066918175000954e7;145.0
2732.0;-9.047813403192922e6;150.0
2733.0;-7.119551468455507e6;145.0
2734.0;-4.263576245497383e6;123.0
2735.0;-1.3127100629200947e6;150.0
2736.0;-952444.4586388335;91.0
2737.0;-732240.2923295122;139.0
2738.0;-210599.69267273476;68.0
2739.0;-204297.73323216243;150.0
2740.0;-107995.48203180701;138.0
2741.0;-63573.51551230056;148.0
2742.0;-45013.8795539904;84.0
2743.0;NaN;1.0
2744.0;NaN;1.0
2745.0;NaN;1.0
2746.0;NaN;1.0
2747.0;NaN;1.0
2748.0;NaN;1.0
2749.0;NaN;1.0
2750.0;NaN;1.0
2751.0;NaN;1.0
2752.0;NaN;1.0
2753.0;NaN;1.0
2754.0;NaN;1.0
2755.0;-5.1790434957368386e8;102.0
2756.0;-7.05859974726404e6;149.0
2757.0;-1.2047354169496384e8;107.0
2758.0;-6.384442138926565e7;148.0
2759.0;-2.3151736539276138e7;148.0
2760.0;-1.8493728112721793e7;148.0
2761.0;-2.0980028011347696e7;92.0
2762.0;-5.251094972442651e6;146.0
2763.0;-4.710272528824232e6;130.0
2764.0;-1.368279772219219e6;129.0
2765.0;-1.0180275622499101e6;129.0
2766.0;-948027.5945467282;13.0
2767.0;-518950.7600576117;135.0
2768.0;-458098.2653985104;119.0
2769.0;-371683.17462670803;146.0
2770.0;-3.4053046504993787e307;1.0
2771.0;-3.4053046506552503e307;1.0
2772.0;NaN;1.0
2773.0;NaN;1.0
2774.0;NaN;1.0
2775.0;NaN;1.0
2776.0;NaN;1.0
2777.0;NaN;1.0
2778.0;NaN;1.0
2779.0;NaN;1.0
2780.0;NaN;1.0
2781.0;NaN;1.0
2782.0;-3.915446157076426e8;135.0
2783.0;-1.851999652120101e7;140.0
2784.0;-1.0499345351089588e9;146.0
2785.0;-5.2747372331715643e8;150.0
2786.0;-7.776850634367584e7;150.0
2787.0;-4.91504213692595e7;150.0
2788.0;-1.2788232367800131e8;10.0
2789.0;-1.3327481881120756e7;146.0
2790.0;-9.800723561305294e6;112.0
2791.0;-4.827101289350661e6;69.0
2792.0;-3.6522980203851936e6;110.0
2793.0;-2.599855876336435e6;150.0
2794.0;-1.6628054331283253e6;126.0
2795.0;-668588.6960532222;135.0
2796.0;-500947.743837103;1.0
2797.0;NaN;1.0
2798.0;NaN;1.0
2799.0;NaN;1.0
2800.0;NaN;1.0
2801.0;NaN;1.0
2802.0;NaN;1.0
2803.0;NaN;1.0
2804.0;NaN;1.0
2805.0;NaN;1.0
2806.0;NaN;1.0
2807.0;NaN;1.0
2808.0;NaN;1.0
2809.0;-123560.55933298254;137.0
2810.0;-13396.791880513812;147.0
2811.0;-402839.6901235837;147.0
2812.0;-214123.04298018187;149.0
2813.0;-58206.585632264265;150.0
2814.0;-45644.89097389917;120.0
2815.0;-17912.715121092613;150.0
2816.0;-2600.765341313997;115.0
2817.0;-2997.3403018250283;1.0
2818.0;-902.8085629901595;148.0
2819.0;-289.0886386985233;135.0
2820.0;-394.2608371496814;145.0
2821.0;-111.0100055731484;89.0
2822.0;-170.84685766039578;25.0
2823.0;-137.3496051722668;106.0
2824.0;-Inf;1.0
2825.0;-Inf;1.0
2826.0;NaN;1.0
2827.0;NaN;1.0
2828.0;NaN;1.0
2829.0;NaN;1.0
2830.0;NaN;1.0
2831.0;NaN;1.0
2832.0;NaN;1.0
2833.0;NaN;1.0
2834.0;NaN;1.0
2835.0;NaN;1.0
2836.0;-3.3703329070923417e6;142.0
2837.0;-796218.1094056959;106.0
2838.0;-8.57429020155541e6;113.0
2839.0;-1.1934496807571009e7;149.0
2840.0;-4.244741430089062e6;149.0
2841.0;-2.838911388498816e6;149.0
2842.0;-889615.7396676126;60.0
2843.0;-186190.39677401402;144.0
2844.0;-129408.39144504887;111.0
2845.0;-82800.32378363218;143.0
2846.0;-32258.918928234365;118.0
2847.0;-18540.53588609517;51.0
2848.0;-16030.246209720774;99.0
2849.0;-11753.588382437922;133.0
2850.0;-14031.070540784032;128.0
2851.0;NaN;1.0
2852.0;NaN;1.0
2853.0;NaN;1.0
2854.0;NaN;1.0
2855.0;NaN;1.0
2856.0;NaN;1.0
2857.0;NaN;1.0
2858.0;NaN;1.0
2859.0;NaN;1.0
2860.0;NaN;1.0
2861.0;NaN;1.0
2862.0;NaN;1.0
2863.0;-7.707623452530548e7;146.0
2864.0;-1.825375984141874e6;145.0
2865.0;-6.400102259002835e7;140.0
2866.0;-1.268909545659879e8;150.0
2867.0;-3.6392900240553655e7;150.0
2868.0;-2.6257390628823034e7;150.0
2869.0;-9.409991742666055e6;32.0
2870.0;-1.3964082915621086e6;124.0
2871.0;-1.7728413269168572e6;56.0
2872.0;-481372.8111604584;147.0
2873.0;-194460.23862987573;149.0
2874.0;-177975.82454480918;150.0
2875.0;-138178.13978048722;2.0
2876.0;-100642.24447293363;93.0
2877.0;-91169.10378452532;74.0
2878.0;NaN;1.0
2879.0;NaN;1.0
2880.0;NaN;1.0
2881.0;NaN;1.0
2882.0;NaN;1.0
2883.0;NaN;1.0
2884.0;NaN;1.0
2885.0;NaN;1.0
2886.0;NaN;1.0
2887.0;NaN;1.0
2888.0;NaN;1.0
2889.0;NaN;1.0
2890.0;-1.2564565447801131e8;119.0
2891.0;-1.027974577589288e7;140.0
2892.0;-7.655435302531797e8;125.0
2893.0;-1.1387274670813417e9;150.0
2894.0;-1.2416607586663558e8;143.0
2895.0;-1.0753715750661276e8;150.0
2896.0;-8.803264825230484e7;129.0
2897.0;-5.462819300383078e6;150.0
2898.0;-8.530135912563024e6;139.0
2899.0;-4.1132224892038195e6;150.0
2900.0;-701016.30869533;135.0
2901.0;-839883.2213953772;24.0
2902.0;-507768.25177245634;109.0
2903.0;-635534.6719556643;7.0
2904.0;-171498.4413909291;132.0
2905.0;-4.642703034035654e304;1.0
2906.0;-4.642703034283595e304;1.0
2907.0;NaN;1.0
2908.0;NaN;1.0
2909.0;NaN;1.0
2910.0;NaN;1.0
2911.0;NaN;1.0
2912.0;NaN;1.0
2913.0;NaN;1.0
2914.0;NaN;1.0
2915.0;NaN;1.0
2916.0;NaN;1.0
